date,sku,warehouse,on_hand,forecast_demand,days_of_supply,safety_stock,next_po_eta,lead_time_days,stockout_risk
2025-03-01,P001,BLR_WH,26,4,6.5,6,2025-03-06,5.0,False
2025-03-01,P001,BOM_WH,40,4,10.0,6,2025-03-17,5.0,False
2025-03-01,P001,DEL_WH,87,4,21.75,6,2025-04-04,5.0,False
2025-03-01,P002,BLR_WH,82,2,41.0,6,2025-03-15,6.0,False
2025-03-01,P002,BOM_WH,40,2,20.0,6,2025-03-21,6.0,False
2025-03-01,P002,DEL_WH,27,2,13.5,6,2025-04-02,6.0,False
2025-03-01,P003,BLR_WH,45,3,15.0,6,2025-03-13,3.0,False
2025-03-01,P003,BOM_WH,21,3,7.0,6,2025-03-02,3.0,False
2025-03-01,P003,DEL_WH,77,3,25.666666666666668,6,2025-03-19,3.0,False
2025-03-01,P004,BLR_WH,9,5,1.8,6,2025-03-05,3.0,True
2025-03-01,P004,BOM_WH,98,5,19.6,6,2025-03-25,3.0,False
2025-03-01,P004,DEL_WH,43,5,8.6,6,2025-03-04,3.0,False
2025-03-01,P005,BLR_WH,200,5,40.0,6,2025-03-17,2.0,False
2025-03-01,P005,BOM_WH,167,5,33.4,6,2025-03-03,2.0,False
2025-03-01,P005,DEL_WH,150,5,30.0,6,2025-03-31,2.0,False
2025-03-01,P006,BLR_WH,306,5,61.2,6,2025-03-11,2.0,False
2025-03-01,P006,BOM_WH,88,5,17.6,6,2025-03-14,2.0,False
2025-03-01,P006,DEL_WH,101,5,20.2,6,2025-03-19,2.0,False
2025-03-01,P007,BLR_WH,56,5,11.2,6,2025-03-23,4.0,False
2025-03-01,P007,BOM_WH,78,5,15.6,6,2025-03-14,4.0,False
2025-03-01,P007,DEL_WH,18,5,3.6,6,2025-03-15,4.0,True
2025-03-01,P008,BLR_WH,39,2,19.5,6,2025-03-07,4.0,False
2025-03-01,P008,BOM_WH,70,2,35.0,6,2025-03-08,4.0,False
2025-03-01,P008,DEL_WH,66,2,33.0,6,2025-03-07,4.0,False
2025-03-02,P001,BLR_WH,31,5,6.2,6,2025-03-06,5.0,False
2025-03-02,P001,BOM_WH,38,5,7.6,6,2025-03-17,5.0,False
2025-03-02,P001,DEL_WH,76,5,15.2,6,2025-04-04,5.0,False
2025-03-02,P002,BLR_WH,42,3,14.0,6,2025-03-15,6.0,False
2025-03-02,P002,BOM_WH,12,3,4.0,6,2025-03-21,6.0,True
2025-03-02,P002,DEL_WH,102,3,34.0,6,2025-04-02,6.0,False
2025-03-02,P003,BLR_WH,103,3,34.333333333333336,6,2025-03-13,3.0,False
2025-03-02,P003,BOM_WH,50,3,16.666666666666668,6,2025-03-02,3.0,False
2025-03-02,P003,DEL_WH,14,3,4.666666666666667,6,2025-03-19,3.0,False
2025-03-02,P004,BLR_WH,78,5,15.6,6,2025-03-05,3.0,False
2025-03-02,P004,BOM_WH,26,5,5.2,6,2025-03-25,3.0,False
2025-03-02,P004,DEL_WH,50,5,10.0,6,2025-03-04,3.0,False
2025-03-02,P005,BLR_WH,255,2,127.5,6,2025-03-17,2.0,False
2025-03-02,P005,BOM_WH,171,2,85.5,6,2025-03-03,2.0,False
2025-03-02,P005,DEL_WH,84,2,42.0,6,2025-03-31,2.0,False
2025-03-02,P006,BLR_WH,148,5,29.6,6,2025-03-11,2.0,False
2025-03-02,P006,BOM_WH,95,5,19.0,6,2025-03-14,2.0,False
2025-03-02,P006,DEL_WH,265,5,53.0,6,2025-03-19,2.0,False
2025-03-02,P007,BLR_WH,107,5,21.4,6,2025-03-23,4.0,False
2025-03-02,P007,BOM_WH,8,5,1.6,6,2025-03-14,4.0,True
2025-03-02,P007,DEL_WH,40,5,8.0,6,2025-03-15,4.0,False
2025-03-02,P008,BLR_WH,16,6,2.6666666666666665,6,2025-03-07,4.0,True
2025-03-02,P008,BOM_WH,89,6,14.833333333333334,6,2025-03-08,4.0,False
2025-03-02,P008,DEL_WH,58,6,9.666666666666666,6,2025-03-07,4.0,False
2025-03-03,P001,BLR_WH,57,5,11.4,6,2025-03-06,5.0,False
2025-03-03,P001,BOM_WH,26,5,5.2,6,2025-03-17,5.0,False
2025-03-03,P001,DEL_WH,71,5,14.2,6,2025-04-04,5.0,False
2025-03-03,P002,BLR_WH,33,3,11.0,6,2025-03-15,6.0,False
2025-03-03,P002,BOM_WH,57,3,19.0,6,2025-03-21,6.0,False
2025-03-03,P002,DEL_WH,58,3,19.333333333333332,6,2025-04-02,6.0,False
2025-03-03,P003,BLR_WH,91,5,18.2,6,2025-03-13,3.0,False
2025-03-03,P003,BOM_WH,8,5,1.6,6,2025-03-02,3.0,False
2025-03-03,P003,DEL_WH,51,5,10.2,6,2025-03-19,3.0,False
2025-03-03,P004,BLR_WH,43,3,14.333333333333334,6,2025-03-05,3.0,False
2025-03-03,P004,BOM_WH,5,3,1.6666666666666667,6,2025-03-25,3.0,True
2025-03-03,P004,DEL_WH,104,3,34.666666666666664,6,2025-03-04,3.0,False
2025-03-03,P005,BLR_WH,166,9,18.444444444444443,6,2025-03-17,2.0,False
2025-03-03,P005,BOM_WH,24,9,2.6666666666666665,6,2025-03-03,2.0,False
2025-03-03,P005,DEL_WH,306,9,34.0,6,2025-03-31,2.0,False
2025-03-03,P006,BLR_WH,69,4,17.25,6,2025-03-11,2.0,False
2025-03-03,P006,BOM_WH,283,4,70.75,6,2025-03-14,2.0,False
2025-03-03,P006,DEL_WH,148,4,37.0,6,2025-03-19,2.0,False
2025-03-03,P007,BLR_WH,8,7,1.1428571428571428,6,2025-03-23,4.0,True
2025-03-03,P007,BOM_WH,30,7,4.285714285714286,6,2025-03-14,4.0,False
2025-03-03,P007,DEL_WH,111,7,15.857142857142858,6,2025-03-15,4.0,False
2025-03-03,P008,BLR_WH,60,1,60.0,6,2025-03-07,4.0,False
2025-03-03,P008,BOM_WH,13,1,13.0,6,2025-03-08,4.0,False
2025-03-03,P008,DEL_WH,82,1,82.0,6,2025-03-07,4.0,False
2025-03-04,P001,BLR_WH,86,3,28.666666666666668,6,2025-03-06,5.0,False
2025-03-04,P001,BOM_WH,19,3,6.333333333333333,6,2025-03-17,5.0,False
2025-03-04,P001,DEL_WH,65,3,21.666666666666668,6,2025-04-04,5.0,False
2025-03-04,P002,BLR_WH,72,1,72.0,6,2025-03-15,6.0,False
2025-03-04,P002,BOM_WH,2,1,2.0,6,2025-03-21,6.0,True
2025-03-04,P002,DEL_WH,75,1,75.0,6,2025-04-02,6.0,False
2025-03-04,P003,BLR_WH,36,6,6.0,6,2025-03-13,3.0,False
2025-03-04,P003,BOM_WH,11,6,1.8333333333333333,6,2025-03-02,3.0,False
2025-03-04,P003,DEL_WH,116,6,19.333333333333332,6,2025-03-19,3.0,False
2025-03-04,P004,BLR_WH,52,1,52.0,6,2025-03-05,3.0,False
2025-03-04,P004,BOM_WH,78,1,78.0,6,2025-03-25,3.0,False
2025-03-04,P004,DEL_WH,25,1,25.0,6,2025-03-04,3.0,False
2025-03-04,P005,BLR_WH,353,3,117.66666666666667,6,2025-03-17,2.0,False
2025-03-04,P005,BOM_WH,96,3,32.0,6,2025-03-03,2.0,False
2025-03-04,P005,DEL_WH,49,3,16.333333333333332,6,2025-03-31,2.0,False
2025-03-04,P006,BLR_WH,190,2,95.0,6,2025-03-11,2.0,False
2025-03-04,P006,BOM_WH,226,2,113.0,6,2025-03-14,2.0,False
2025-03-04,P006,DEL_WH,78,2,39.0,6,2025-03-19,2.0,False
2025-03-04,P007,BLR_WH,38,4,9.5,6,2025-03-23,4.0,False
2025-03-04,P007,BOM_WH,53,4,13.25,6,2025-03-14,4.0,False
2025-03-04,P007,DEL_WH,58,4,14.5,6,2025-03-15,4.0,False
2025-03-04,P008,BLR_WH,82,2,41.0,6,2025-03-07,4.0,False
2025-03-04,P008,BOM_WH,19,2,9.5,6,2025-03-08,4.0,False
2025-03-04,P008,DEL_WH,48,2,24.0,6,2025-03-07,4.0,False
2025-03-05,P001,BLR_WH,111,2,55.5,6,2025-03-06,5.0,False
2025-03-05,P001,BOM_WH,16,2,8.0,6,2025-03-17,5.0,False
2025-03-05,P001,DEL_WH,13,2,6.5,6,2025-04-04,5.0,False
2025-03-05,P002,BLR_WH,17,7,2.4285714285714284,6,2025-03-15,6.0,True
2025-03-05,P002,BOM_WH,74,7,10.571428571428571,6,2025-03-21,6.0,False
2025-03-05,P002,DEL_WH,51,7,7.285714285714286,6,2025-04-02,6.0,False
2025-03-05,P003,BLR_WH,29,2,14.5,6,2025-03-13,3.0,False
2025-03-05,P003,BOM_WH,41,2,20.5,6,2025-03-02,3.0,False
2025-03-05,P003,DEL_WH,81,2,40.5,6,2025-03-19,3.0,False
2025-03-05,P004,BLR_WH,60,3,20.0,6,2025-03-05,3.0,False
2025-03-05,P004,BOM_WH,54,3,18.0,6,2025-03-25,3.0,False
2025-03-05,P004,DEL_WH,48,3,16.0,6,2025-03-04,3.0,False
2025-03-05,P005,BLR_WH,99,4,24.75,6,2025-03-17,2.0,False
2025-03-05,P005,BOM_WH,296,4,74.0,6,2025-03-03,2.0,False
2025-03-05,P005,DEL_WH,102,4,25.5,6,2025-03-31,2.0,False
2025-03-05,P006,BLR_WH,100,5,20.0,6,2025-03-11,2.0,False
2025-03-05,P006,BOM_WH,253,5,50.6,6,2025-03-14,2.0,False
2025-03-05,P006,DEL_WH,131,5,26.2,6,2025-03-19,2.0,False
2025-03-05,P007,BLR_WH,49,6,8.166666666666666,6,2025-03-23,4.0,False
2025-03-05,P007,BOM_WH,53,6,8.833333333333334,6,2025-03-14,4.0,False
2025-03-05,P007,DEL_WH,24,6,4.0,6,2025-03-15,4.0,False
2025-03-05,P008,BLR_WH,17,1,17.0,6,2025-03-07,4.0,False
2025-03-05,P008,BOM_WH,85,1,85.0,6,2025-03-08,4.0,False
2025-03-05,P008,DEL_WH,36,1,36.0,6,2025-03-07,4.0,False
2025-03-06,P001,BLR_WH,75,3,25.0,6,2025-03-06,5.0,False
2025-03-06,P001,BOM_WH,22,3,7.333333333333333,6,2025-03-17,5.0,False
2025-03-06,P001,DEL_WH,56,3,18.666666666666668,6,2025-04-04,5.0,False
2025-03-06,P002,BLR_WH,77,4,19.25,6,2025-03-15,6.0,False
2025-03-06,P002,BOM_WH,34,4,8.5,6,2025-03-21,6.0,False
2025-03-06,P002,DEL_WH,22,4,5.5,6,2025-04-02,6.0,True
2025-03-06,P003,BLR_WH,85,3,28.333333333333332,6,2025-03-13,3.0,False
2025-03-06,P003,BOM_WH,0,3,0.0,6,2025-03-02,3.0,False
2025-03-06,P003,DEL_WH,71,3,23.666666666666668,6,2025-03-19,3.0,False
2025-03-06,P004,BLR_WH,26,5,5.2,6,2025-03-05,3.0,False
2025-03-06,P004,BOM_WH,79,5,15.8,6,2025-03-25,3.0,False
2025-03-06,P004,DEL_WH,48,5,9.6,6,2025-03-04,3.0,False
2025-03-06,P005,BLR_WH,49,1,49.0,6,2025-03-17,2.0,False
2025-03-06,P005,BOM_WH,284,1,284.0,6,2025-03-03,2.0,False
2025-03-06,P005,DEL_WH,163,1,163.0,6,2025-03-31,2.0,False
2025-03-06,P006,BLR_WH,190,5,38.0,6,2025-03-11,2.0,False
2025-03-06,P006,BOM_WH,218,5,43.6,6,2025-03-14,2.0,False
2025-03-06,P006,DEL_WH,72,5,14.4,6,2025-03-19,2.0,False
2025-03-06,P007,BLR_WH,8,2,4.0,6,2025-03-23,4.0,False
2025-03-06,P007,BOM_WH,77,2,38.5,6,2025-03-14,4.0,False
2025-03-06,P007,DEL_WH,56,2,28.0,6,2025-03-15,4.0,False
2025-03-06,P008,BLR_WH,55,2,27.5,6,2025-03-07,4.0,False
2025-03-06,P008,BOM_WH,51,2,25.5,6,2025-03-08,4.0,False
2025-03-06,P008,DEL_WH,39,2,19.5,6,2025-03-07,4.0,False
2025-03-07,P001,BLR_WH,77,2,38.5,6,2025-03-06,5.0,False
2025-03-07,P001,BOM_WH,18,2,9.0,6,2025-03-17,5.0,False
2025-03-07,P001,DEL_WH,55,2,27.5,6,2025-04-04,5.0,False
2025-03-07,P002,BLR_WH,92,6,15.333333333333334,6,2025-03-15,6.0,False
2025-03-07,P002,BOM_WH,21,6,3.5,6,2025-03-21,6.0,True
2025-03-07,P002,DEL_WH,19,6,3.1666666666666665,6,2025-04-02,6.0,True
2025-03-07,P003,BLR_WH,15,3,5.0,6,2025-03-13,3.0,False
2025-03-07,P003,BOM_WH,47,3,15.666666666666666,6,2025-03-02,3.0,False
2025-03-07,P003,DEL_WH,98,3,32.666666666666664,6,2025-03-19,3.0,False
2025-03-07,P004,BLR_WH,14,1,14.0,6,2025-03-05,3.0,False
2025-03-07,P004,BOM_WH,86,1,86.0,6,2025-03-25,3.0,False
2025-03-07,P004,DEL_WH,48,1,48.0,6,2025-03-04,3.0,False
2025-03-07,P005,BLR_WH,171,1,171.0,6,2025-03-17,2.0,False
2025-03-07,P005,BOM_WH,86,1,86.0,6,2025-03-03,2.0,False
2025-03-07,P005,DEL_WH,241,1,241.0,6,2025-03-31,2.0,False
2025-03-07,P006,BLR_WH,101,2,50.5,6,2025-03-11,2.0,False
2025-03-07,P006,BOM_WH,207,2,103.5,6,2025-03-14,2.0,False
2025-03-07,P006,DEL_WH,195,2,97.5,6,2025-03-19,2.0,False
2025-03-07,P007,BLR_WH,80,5,16.0,6,2025-03-23,4.0,False
2025-03-07,P007,BOM_WH,57,5,11.4,6,2025-03-14,4.0,False
2025-03-07,P007,DEL_WH,23,5,4.6,6,2025-03-15,4.0,False
2025-03-07,P008,BLR_WH,8,6,1.3333333333333333,6,2025-03-07,4.0,False
2025-03-07,P008,BOM_WH,34,6,5.666666666666667,6,2025-03-08,4.0,False
2025-03-07,P008,DEL_WH,104,6,17.333333333333332,6,2025-03-07,4.0,False
2025-03-08,P001,BLR_WH,9,2,4.5,6,2025-03-06,5.0,False
2025-03-08,P001,BOM_WH,65,2,32.5,6,2025-03-17,5.0,False
2025-03-08,P001,DEL_WH,78,2,39.0,6,2025-04-04,5.0,False
2025-03-08,P002,BLR_WH,65,4,16.25,6,2025-03-15,6.0,False
2025-03-08,P002,BOM_WH,31,4,7.75,6,2025-03-21,6.0,False
2025-03-08,P002,DEL_WH,44,4,11.0,6,2025-04-02,6.0,False
2025-03-08,P003,BLR_WH,46,7,6.571428571428571,6,2025-03-13,3.0,False
2025-03-08,P003,BOM_WH,13,7,1.8571428571428572,6,2025-03-02,3.0,False
2025-03-08,P003,DEL_WH,104,7,14.857142857142858,6,2025-03-19,3.0,False
2025-03-08,P004,BLR_WH,55,1,55.0,6,2025-03-05,3.0,False
2025-03-08,P004,BOM_WH,67,1,67.0,6,2025-03-25,3.0,False
2025-03-08,P004,DEL_WH,25,1,25.0,6,2025-03-04,3.0,False
2025-03-08,P005,BLR_WH,215,4,53.75,6,2025-03-17,2.0,False
2025-03-08,P005,BOM_WH,121,4,30.25,6,2025-03-03,2.0,False
2025-03-08,P005,DEL_WH,152,4,38.0,6,2025-03-31,2.0,False
2025-03-08,P006,BLR_WH,278,4,69.5,6,2025-03-11,2.0,False
2025-03-08,P006,BOM_WH,124,4,31.0,6,2025-03-14,2.0,False
2025-03-08,P006,DEL_WH,91,4,22.75,6,2025-03-19,2.0,False
2025-03-08,P007,BLR_WH,7,5,1.4,6,2025-03-23,4.0,True
2025-03-08,P007,BOM_WH,11,5,2.2,6,2025-03-14,4.0,True
2025-03-08,P007,DEL_WH,111,5,22.2,6,2025-03-15,4.0,False
2025-03-08,P008,BLR_WH,59,4,14.75,6,2025-03-07,4.0,False
2025-03-08,P008,BOM_WH,23,4,5.75,6,2025-03-08,4.0,False
2025-03-08,P008,DEL_WH,58,4,14.5,6,2025-03-07,4.0,False
2025-03-09,P001,BLR_WH,67,5,13.4,6,2025-03-06,5.0,False
2025-03-09,P001,BOM_WH,37,5,7.4,6,2025-03-17,5.0,False
2025-03-09,P001,DEL_WH,17,5,3.4,6,2025-04-04,5.0,True
2025-03-09,P002,BLR_WH,27,1,27.0,6,2025-03-15,6.0,False
2025-03-09,P002,BOM_WH,66,1,66.0,6,2025-03-21,6.0,False
2025-03-09,P002,DEL_WH,57,1,57.0,6,2025-04-02,6.0,False
2025-03-09,P003,BLR_WH,90,5,18.0,6,2025-03-13,3.0,False
2025-03-09,P003,BOM_WH,34,5,6.8,6,2025-03-02,3.0,False
2025-03-09,P003,DEL_WH,26,5,5.2,6,2025-03-19,3.0,False
2025-03-09,P004,BLR_WH,17,1,17.0,6,2025-03-05,3.0,False
2025-03-09,P004,BOM_WH,77,1,77.0,6,2025-03-25,3.0,False
2025-03-09,P004,DEL_WH,42,1,42.0,6,2025-03-04,3.0,False
2025-03-09,P005,BLR_WH,79,5,15.8,6,2025-03-17,2.0,False
2025-03-09,P005,BOM_WH,189,5,37.8,6,2025-03-03,2.0,False
2025-03-09,P005,DEL_WH,224,5,44.8,6,2025-03-31,2.0,False
2025-03-09,P006,BLR_WH,121,1,121.0,6,2025-03-11,2.0,False
2025-03-09,P006,BOM_WH,368,1,368.0,6,2025-03-14,2.0,False
2025-03-09,P006,DEL_WH,5,1,5.0,6,2025-03-19,2.0,False
2025-03-09,P007,BLR_WH,29,5,5.8,6,2025-03-23,4.0,False
2025-03-09,P007,BOM_WH,99,5,19.8,6,2025-03-14,4.0,False
2025-03-09,P007,DEL_WH,4,5,0.8,6,2025-03-15,4.0,True
2025-03-09,P008,BLR_WH,30,4,7.5,6,2025-03-07,4.0,False
2025-03-09,P008,BOM_WH,87,4,21.75,6,2025-03-08,4.0,False
2025-03-09,P008,DEL_WH,26,4,6.5,6,2025-03-07,4.0,False
2025-03-10,P001,BLR_WH,49,6,8.166666666666666,6,2025-03-06,5.0,False
2025-03-10,P001,BOM_WH,36,6,6.0,6,2025-03-17,5.0,False
2025-03-10,P001,DEL_WH,58,6,9.666666666666666,6,2025-04-04,5.0,False
2025-03-10,P002,BLR_WH,52,3,17.333333333333332,6,2025-03-15,6.0,False
2025-03-10,P002,BOM_WH,24,3,8.0,6,2025-03-21,6.0,False
2025-03-10,P002,DEL_WH,68,3,22.666666666666668,6,2025-04-02,6.0,False
2025-03-10,P003,BLR_WH,34,1,34.0,6,2025-03-13,3.0,False
2025-03-10,P003,BOM_WH,64,1,64.0,6,2025-03-02,3.0,False
2025-03-10,P003,DEL_WH,42,1,42.0,6,2025-03-19,3.0,False
2025-03-10,P004,BLR_WH,50,0,50.0,6,2025-03-05,3.0,False
2025-03-10,P004,BOM_WH,27,0,27.0,6,2025-03-25,3.0,False
2025-03-10,P004,DEL_WH,56,0,56.0,6,2025-03-04,3.0,False
2025-03-10,P005,BLR_WH,176,3,58.666666666666664,6,2025-03-17,2.0,False
2025-03-10,P005,BOM_WH,33,3,11.0,6,2025-03-03,2.0,False
2025-03-10,P005,DEL_WH,281,3,93.66666666666667,6,2025-03-31,2.0,False
2025-03-10,P006,BLR_WH,55,4,13.75,6,2025-03-11,2.0,False
2025-03-10,P006,BOM_WH,29,4,7.25,6,2025-03-14,2.0,False
2025-03-10,P006,DEL_WH,406,4,101.5,6,2025-03-19,2.0,False
2025-03-10,P007,BLR_WH,84,4,21.0,6,2025-03-23,4.0,False
2025-03-10,P007,BOM_WH,8,4,2.0,6,2025-03-14,4.0,True
2025-03-10,P007,DEL_WH,58,4,14.5,6,2025-03-15,4.0,False
2025-03-10,P008,BLR_WH,24,6,4.0,6,2025-03-07,4.0,False
2025-03-10,P008,BOM_WH,13,6,2.1666666666666665,6,2025-03-08,4.0,False
2025-03-10,P008,DEL_WH,122,6,20.333333333333332,6,2025-03-07,4.0,False
2025-03-11,P001,BLR_WH,45,4,11.25,6,2025-03-06,5.0,False
2025-03-11,P001,BOM_WH,17,4,4.25,6,2025-03-17,5.0,True
2025-03-11,P001,DEL_WH,87,4,21.75,6,2025-04-04,5.0,False
2025-03-11,P002,BLR_WH,85,4,21.25,6,2025-03-15,6.0,False
2025-03-11,P002,BOM_WH,30,4,7.5,6,2025-03-21,6.0,False
2025-03-11,P002,DEL_WH,26,4,6.5,6,2025-04-02,6.0,False
2025-03-11,P003,BLR_WH,30,5,6.0,6,2025-03-13,3.0,False
2025-03-11,P003,BOM_WH,26,5,5.2,6,2025-03-02,3.0,False
2025-03-11,P003,DEL_WH,78,5,15.6,6,2025-03-19,3.0,False
2025-03-11,P004,BLR_WH,45,5,9.0,6,2025-03-05,3.0,False
2025-03-11,P004,BOM_WH,57,5,11.4,6,2025-03-25,3.0,False
2025-03-11,P004,DEL_WH,49,5,9.8,6,2025-03-04,3.0,False
2025-03-11,P005,BLR_WH,54,4,13.5,6,2025-03-17,2.0,False
2025-03-11,P005,BOM_WH,127,4,31.75,6,2025-03-03,2.0,False
2025-03-11,P005,DEL_WH,316,4,79.0,6,2025-03-31,2.0,False
2025-03-11,P006,BLR_WH,165,2,82.5,6,2025-03-11,2.0,False
2025-03-11,P006,BOM_WH,292,2,146.0,6,2025-03-14,2.0,False
2025-03-11,P006,DEL_WH,49,2,24.5,6,2025-03-19,2.0,False
2025-03-11,P007,BLR_WH,61,3,20.333333333333332,6,2025-03-23,4.0,False
2025-03-11,P007,BOM_WH,29,3,9.666666666666666,6,2025-03-14,4.0,False
2025-03-11,P007,DEL_WH,53,3,17.666666666666668,6,2025-03-15,4.0,False
2025-03-11,P008,BLR_WH,28,4,7.0,6,2025-03-07,4.0,False
2025-03-11,P008,BOM_WH,92,4,23.0,6,2025-03-08,4.0,False
2025-03-11,P008,DEL_WH,42,4,10.5,6,2025-03-07,4.0,False
2025-03-12,P001,BLR_WH,42,2,21.0,6,2025-03-06,5.0,False
2025-03-12,P001,BOM_WH,6,2,3.0,6,2025-03-17,5.0,True
2025-03-12,P001,DEL_WH,98,2,49.0,6,2025-04-04,5.0,False
2025-03-12,P002,BLR_WH,4,2,2.0,6,2025-03-15,6.0,True
2025-03-12,P002,BOM_WH,105,2,52.5,6,2025-03-21,6.0,False
2025-03-12,P002,DEL_WH,24,2,12.0,6,2025-04-02,6.0,False
2025-03-12,P003,BLR_WH,75,2,37.5,6,2025-03-13,3.0,False
2025-03-12,P003,BOM_WH,25,2,12.5,6,2025-03-02,3.0,False
2025-03-12,P003,DEL_WH,40,2,20.0,6,2025-03-19,3.0,False
2025-03-12,P004,BLR_WH,74,4,18.5,6,2025-03-05,3.0,False
2025-03-12,P004,BOM_WH,28,4,7.0,6,2025-03-25,3.0,False
2025-03-12,P004,DEL_WH,44,4,11.0,6,2025-03-04,3.0,False
2025-03-12,P005,BLR_WH,28,2,14.0,6,2025-03-17,2.0,False
2025-03-12,P005,BOM_WH,304,2,152.0,6,2025-03-03,2.0,False
2025-03-12,P005,DEL_WH,155,2,77.5,6,2025-03-31,2.0,False
2025-03-12,P006,BLR_WH,286,2,143.0,6,2025-03-11,2.0,False
2025-03-12,P006,BOM_WH,108,2,54.0,6,2025-03-14,2.0,False
2025-03-12,P006,DEL_WH,116,2,58.0,6,2025-03-19,2.0,False
2025-03-12,P007,BLR_WH,53,2,26.5,6,2025-03-23,4.0,False
2025-03-12,P007,BOM_WH,20,2,10.0,6,2025-03-14,4.0,False
2025-03-12,P007,DEL_WH,69,2,34.5,6,2025-03-15,4.0,False
2025-03-12,P008,BLR_WH,37,2,18.5,6,2025-03-07,4.0,False
2025-03-12,P008,BOM_WH,40,2,20.0,6,2025-03-08,4.0,False
2025-03-12,P008,DEL_WH,67,2,33.5,6,2025-03-07,4.0,False
2025-03-13,P001,BLR_WH,12,4,3.0,6,2025-03-06,5.0,False
2025-03-13,P001,BOM_WH,24,4,6.0,6,2025-03-17,5.0,False
2025-03-13,P001,DEL_WH,105,4,26.25,6,2025-04-04,5.0,False
2025-03-13,P002,BLR_WH,37,5,7.4,6,2025-03-15,6.0,False
2025-03-13,P002,BOM_WH,22,5,4.4,6,2025-03-21,6.0,True
2025-03-13,P002,DEL_WH,77,5,15.4,6,2025-04-02,6.0,False
2025-03-13,P003,BLR_WH,34,3,11.333333333333334,6,2025-03-13,3.0,False
2025-03-13,P003,BOM_WH,75,3,25.0,6,2025-03-02,3.0,False
2025-03-13,P003,DEL_WH,14,3,4.666666666666667,6,2025-03-19,3.0,False
2025-03-13,P004,BLR_WH,32,3,10.666666666666666,6,2025-03-05,3.0,False
2025-03-13,P004,BOM_WH,35,3,11.666666666666666,6,2025-03-25,3.0,False
2025-03-13,P004,DEL_WH,71,3,23.666666666666668,6,2025-03-04,3.0,False
2025-03-13,P005,BLR_WH,117,2,58.5,6,2025-03-17,2.0,False
2025-03-13,P005,BOM_WH,84,2,42.0,6,2025-03-03,2.0,False
2025-03-13,P005,DEL_WH,306,2,153.0,6,2025-03-31,2.0,False
2025-03-13,P006,BLR_WH,282,4,70.5,6,2025-03-11,2.0,False
2025-03-13,P006,BOM_WH,87,4,21.75,6,2025-03-14,2.0,False
2025-03-13,P006,DEL_WH,124,4,31.0,6,2025-03-19,2.0,False
2025-03-13,P007,BLR_WH,93,2,46.5,6,2025-03-23,4.0,False
2025-03-13,P007,BOM_WH,24,2,12.0,6,2025-03-14,4.0,False
2025-03-13,P007,DEL_WH,32,2,16.0,6,2025-03-15,4.0,False
2025-03-13,P008,BLR_WH,33,4,8.25,6,2025-03-07,4.0,False
2025-03-13,P008,BOM_WH,52,4,13.0,6,2025-03-08,4.0,False
2025-03-13,P008,DEL_WH,63,4,15.75,6,2025-03-07,4.0,False
2025-03-14,P001,BLR_WH,42,2,21.0,6,2025-03-06,5.0,False
2025-03-14,P001,BOM_WH,63,2,31.5,6,2025-03-17,5.0,False
2025-03-14,P001,DEL_WH,36,2,18.0,6,2025-04-04,5.0,False
2025-03-14,P002,BLR_WH,7,3,2.3333333333333335,6,2025-03-15,6.0,True
2025-03-14,P002,BOM_WH,70,3,23.333333333333332,6,2025-03-21,6.0,False
2025-03-14,P002,DEL_WH,66,3,22.0,6,2025-04-02,6.0,False
2025-03-14,P003,BLR_WH,23,4,5.75,6,2025-03-13,3.0,False
2025-03-14,P003,BOM_WH,89,4,22.25,6,2025-03-02,3.0,False
2025-03-14,P003,DEL_WH,15,4,3.75,6,2025-03-19,3.0,False
2025-03-14,P004,BLR_WH,53,3,17.666666666666668,6,2025-03-05,3.0,False
2025-03-14,P004,BOM_WH,20,3,6.666666666666667,6,2025-03-25,3.0,False
2025-03-14,P004,DEL_WH,79,3,26.333333333333332,6,2025-03-04,3.0,False
2025-03-14,P005,BLR_WH,201,8,25.125,6,2025-03-17,2.0,False
2025-03-14,P005,BOM_WH,70,8,8.75,6,2025-03-03,2.0,False
2025-03-14,P005,DEL_WH,235,8,29.375,6,2025-03-31,2.0,False
2025-03-14,P006,BLR_WH,51,6,8.5,6,2025-03-11,2.0,False
2025-03-14,P006,BOM_WH,164,6,27.333333333333332,6,2025-03-14,2.0,False
2025-03-14,P006,DEL_WH,282,6,47.0,6,2025-03-19,2.0,False
2025-03-14,P007,BLR_WH,40,2,20.0,6,2025-03-23,4.0,False
2025-03-14,P007,BOM_WH,58,2,29.0,6,2025-03-14,4.0,False
2025-03-14,P007,DEL_WH,46,2,23.0,6,2025-03-15,4.0,False
2025-03-14,P008,BLR_WH,61,3,20.333333333333332,6,2025-03-07,4.0,False
2025-03-14,P008,BOM_WH,49,3,16.333333333333332,6,2025-03-08,4.0,False
2025-03-14,P008,DEL_WH,32,3,10.666666666666666,6,2025-03-07,4.0,False
2025-03-15,P001,BLR_WH,41,2,20.5,6,2025-03-06,5.0,False
2025-03-15,P001,BOM_WH,82,2,41.0,6,2025-03-17,5.0,False
2025-03-15,P001,DEL_WH,24,2,12.0,6,2025-04-04,5.0,False
2025-03-15,P002,BLR_WH,107,3,35.666666666666664,6,2025-03-15,6.0,False
2025-03-15,P002,BOM_WH,29,3,9.666666666666666,6,2025-03-21,6.0,False
2025-03-15,P002,DEL_WH,11,3,3.6666666666666665,6,2025-04-02,6.0,True
2025-03-15,P003,BLR_WH,27,2,13.5,6,2025-03-13,3.0,False
2025-03-15,P003,BOM_WH,21,2,10.5,6,2025-03-02,3.0,False
2025-03-15,P003,DEL_WH,63,2,31.5,6,2025-03-19,3.0,False
2025-03-15,P004,BLR_WH,85,4,21.25,6,2025-03-05,3.0,False
2025-03-15,P004,BOM_WH,40,4,10.0,6,2025-03-25,3.0,False
2025-03-15,P004,DEL_WH,7,4,1.75,6,2025-03-04,3.0,False
2025-03-15,P005,BLR_WH,127,2,63.5,6,2025-03-17,2.0,False
2025-03-15,P005,BOM_WH,170,2,85.0,6,2025-03-03,2.0,False
2025-03-15,P005,DEL_WH,183,2,91.5,6,2025-03-31,2.0,False
2025-03-15,P006,BLR_WH,248,2,124.0,6,2025-03-11,2.0,False
2025-03-15,P006,BOM_WH,84,2,42.0,6,2025-03-14,2.0,False
2025-03-15,P006,DEL_WH,143,2,71.5,6,2025-03-19,2.0,False
2025-03-15,P007,BLR_WH,39,4,9.75,6,2025-03-23,4.0,False
2025-03-15,P007,BOM_WH,9,4,2.25,6,2025-03-14,4.0,False
2025-03-15,P007,DEL_WH,105,4,26.25,6,2025-03-15,4.0,False
2025-03-15,P008,BLR_WH,49,3,16.333333333333332,6,2025-03-07,4.0,False
2025-03-15,P008,BOM_WH,61,3,20.333333333333332,6,2025-03-08,4.0,False
2025-03-15,P008,DEL_WH,32,3,10.666666666666666,6,2025-03-07,4.0,False
2025-03-16,P001,BLR_WH,35,4,8.75,6,2025-03-06,5.0,False
2025-03-16,P001,BOM_WH,62,4,15.5,6,2025-03-17,5.0,False
2025-03-16,P001,DEL_WH,49,4,12.25,6,2025-04-04,5.0,False
2025-03-16,P002,BLR_WH,47,3,15.666666666666666,6,2025-03-15,6.0,False
2025-03-16,P002,BOM_WH,44,3,14.666666666666666,6,2025-03-21,6.0,False
2025-03-16,P002,DEL_WH,49,3,16.333333333333332,6,2025-04-02,6.0,False
2025-03-16,P003,BLR_WH,21,3,7.0,6,2025-03-13,3.0,False
2025-03-16,P003,BOM_WH,49,3,16.333333333333332,6,2025-03-02,3.0,False
2025-03-16,P003,DEL_WH,54,3,18.0,6,2025-03-19,3.0,False
2025-03-16,P004,BLR_WH,52,2,26.0,6,2025-03-05,3.0,False
2025-03-16,P004,BOM_WH,26,2,13.0,6,2025-03-25,3.0,False
2025-03-16,P004,DEL_WH,44,2,22.0,6,2025-03-04,3.0,False
2025-03-16,P005,BLR_WH,138,4,34.5,6,2025-03-17,2.0,False
2025-03-16,P005,BOM_WH,237,4,59.25,6,2025-03-03,2.0,False
2025-03-16,P005,DEL_WH,108,4,27.0,6,2025-03-31,2.0,False
2025-03-16,P006,BLR_WH,211,3,70.33333333333333,6,2025-03-11,2.0,False
2025-03-16,P006,BOM_WH,137,3,45.666666666666664,6,2025-03-14,2.0,False
2025-03-16,P006,DEL_WH,142,3,47.333333333333336,6,2025-03-19,2.0,False
2025-03-16,P007,BLR_WH,69,1,69.0,6,2025-03-23,4.0,False
2025-03-16,P007,BOM_WH,28,1,28.0,6,2025-03-14,4.0,False
2025-03-16,P007,DEL_WH,36,1,36.0,6,2025-03-15,4.0,False
2025-03-16,P008,BLR_WH,12,3,4.0,6,2025-03-07,4.0,False
2025-03-16,P008,BOM_WH,12,3,4.0,6,2025-03-08,4.0,False
2025-03-16,P008,DEL_WH,108,3,36.0,6,2025-03-07,4.0,False
2025-03-17,P001,BLR_WH,6,1,6.0,6,2025-03-06,5.0,False
2025-03-17,P001,BOM_WH,71,1,71.0,6,2025-03-17,5.0,False
2025-03-17,P001,DEL_WH,78,1,78.0,6,2025-04-04,5.0,False
2025-03-17,P002,BLR_WH,84,5,16.8,6,2025-03-15,6.0,False
2025-03-17,P002,BOM_WH,61,5,12.2,6,2025-03-21,6.0,False
2025-03-17,P002,DEL_WH,6,5,1.2,6,2025-04-02,6.0,True
2025-03-17,P003,BLR_WH,79,4,19.75,6,2025-03-13,3.0,False
2025-03-17,P003,BOM_WH,13,4,3.25,6,2025-03-02,3.0,False
2025-03-17,P003,DEL_WH,51,4,12.75,6,2025-03-19,3.0,False
2025-03-17,P004,BLR_WH,31,7,4.428571428571429,6,2025-03-05,3.0,False
2025-03-17,P004,BOM_WH,58,7,8.285714285714286,6,2025-03-25,3.0,False
2025-03-17,P004,DEL_WH,48,7,6.857142857142857,6,2025-03-04,3.0,False
2025-03-17,P005,BLR_WH,17,7,2.4285714285714284,6,2025-03-17,2.0,False
2025-03-17,P005,BOM_WH,133,7,19.0,6,2025-03-03,2.0,False
2025-03-17,P005,DEL_WH,334,7,47.714285714285715,6,2025-03-31,2.0,False
2025-03-17,P006,BLR_WH,378,2,189.0,6,2025-03-11,2.0,False
2025-03-17,P006,BOM_WH,72,2,36.0,6,2025-03-14,2.0,False
2025-03-17,P006,DEL_WH,46,2,23.0,6,2025-03-19,2.0,False
2025-03-17,P007,BLR_WH,18,2,9.0,6,2025-03-23,4.0,False
2025-03-17,P007,BOM_WH,70,2,35.0,6,2025-03-14,4.0,False
2025-03-17,P007,DEL_WH,50,2,25.0,6,2025-03-15,4.0,False
2025-03-17,P008,BLR_WH,74,3,24.666666666666668,6,2025-03-07,4.0,False
2025-03-17,P008,BOM_WH,55,3,18.333333333333332,6,2025-03-08,4.0,False
2025-03-17,P008,DEL_WH,18,3,6.0,6,2025-03-07,4.0,False
2025-03-18,P001,BLR_WH,21,1,21.0,6,2025-03-06,5.0,False
2025-03-18,P001,BOM_WH,93,1,93.0,6,2025-03-17,5.0,False
2025-03-18,P001,DEL_WH,26,1,26.0,6,2025-04-04,5.0,False
2025-03-18,P002,BLR_WH,93,3,31.0,6,2025-03-15,6.0,False
2025-03-18,P002,BOM_WH,31,3,10.333333333333334,6,2025-03-21,6.0,False
2025-03-18,P002,DEL_WH,37,3,12.333333333333334,6,2025-04-02,6.0,False
2025-03-18,P003,BLR_WH,74,2,37.0,6,2025-03-13,3.0,False
2025-03-18,P003,BOM_WH,42,2,21.0,6,2025-03-02,3.0,False
2025-03-18,P003,DEL_WH,25,2,12.5,6,2025-03-19,3.0,False
2025-03-18,P004,BLR_WH,29,7,4.142857142857143,6,2025-03-05,3.0,False
2025-03-18,P004,BOM_WH,68,7,9.714285714285714,6,2025-03-25,3.0,False
2025-03-18,P004,DEL_WH,54,7,7.714285714285714,6,2025-03-04,3.0,False
2025-03-18,P005,BLR_WH,119,3,39.666666666666664,6,2025-03-17,2.0,False
2025-03-18,P005,BOM_WH,141,3,47.0,6,2025-03-03,2.0,False
2025-03-18,P005,DEL_WH,215,3,71.66666666666667,6,2025-03-31,2.0,False
2025-03-18,P006,BLR_WH,75,2,37.5,6,2025-03-11,2.0,False
2025-03-18,P006,BOM_WH,43,2,21.5,6,2025-03-14,2.0,False
2025-03-18,P006,DEL_WH,359,2,179.5,6,2025-03-19,2.0,False
2025-03-18,P007,BLR_WH,12,3,4.0,6,2025-03-23,4.0,False
2025-03-18,P007,BOM_WH,137,3,45.666666666666664,6,2025-03-14,4.0,False
2025-03-18,P007,DEL_WH,10,3,3.3333333333333335,6,2025-03-15,4.0,False
2025-03-18,P008,BLR_WH,37,8,4.625,6,2025-03-07,4.0,False
2025-03-18,P008,BOM_WH,45,8,5.625,6,2025-03-08,4.0,False
2025-03-18,P008,DEL_WH,58,8,7.25,6,2025-03-07,4.0,False
2025-03-19,P001,BLR_WH,54,2,27.0,6,2025-03-06,5.0,False
2025-03-19,P001,BOM_WH,59,2,29.5,6,2025-03-17,5.0,False
2025-03-19,P001,DEL_WH,25,2,12.5,6,2025-04-04,5.0,False
2025-03-19,P002,BLR_WH,77,4,19.25,6,2025-03-15,6.0,False
2025-03-19,P002,BOM_WH,13,4,3.25,6,2025-03-21,6.0,True
2025-03-19,P002,DEL_WH,66,4,16.5,6,2025-04-02,6.0,False
2025-03-19,P003,BLR_WH,74,3,24.666666666666668,6,2025-03-13,3.0,False
2025-03-19,P003,BOM_WH,54,3,18.0,6,2025-03-02,3.0,False
2025-03-19,P003,DEL_WH,7,3,2.3333333333333335,6,2025-03-19,3.0,False
2025-03-19,P004,BLR_WH,20,6,3.3333333333333335,6,2025-03-05,3.0,False
2025-03-19,P004,BOM_WH,92,6,15.333333333333334,6,2025-03-25,3.0,False
2025-03-19,P004,DEL_WH,38,6,6.333333333333333,6,2025-03-04,3.0,False
2025-03-19,P005,BLR_WH,150,5,30.0,6,2025-03-17,2.0,False
2025-03-19,P005,BOM_WH,198,5,39.6,6,2025-03-03,2.0,False
2025-03-19,P005,DEL_WH,147,5,29.4,6,2025-03-31,2.0,False
2025-03-19,P006,BLR_WH,261,1,261.0,6,2025-03-11,2.0,False
2025-03-19,P006,BOM_WH,131,1,131.0,6,2025-03-14,2.0,False
2025-03-19,P006,DEL_WH,114,1,114.0,6,2025-03-19,2.0,False
2025-03-19,P007,BLR_WH,20,2,10.0,6,2025-03-23,4.0,False
2025-03-19,P007,BOM_WH,27,2,13.5,6,2025-03-14,4.0,False
2025-03-19,P007,DEL_WH,76,2,38.0,6,2025-03-15,4.0,False
2025-03-19,P008,BLR_WH,40,4,10.0,6,2025-03-07,4.0,False
2025-03-19,P008,BOM_WH,34,4,8.5,6,2025-03-08,4.0,False
2025-03-19,P008,DEL_WH,58,4,14.5,6,2025-03-07,4.0,False
2025-03-20,P001,BLR_WH,72,5,14.4,6,2025-03-06,5.0,False
2025-03-20,P001,BOM_WH,31,5,6.2,6,2025-03-17,5.0,False
2025-03-20,P001,DEL_WH,32,5,6.4,6,2025-04-04,5.0,False
2025-03-20,P002,BLR_WH,4,8,0.5,6,2025-03-15,6.0,False
2025-03-20,P002,BOM_WH,56,8,7.0,6,2025-03-21,6.0,False
2025-03-20,P002,DEL_WH,87,8,10.875,6,2025-04-02,6.0,False
2025-03-20,P003,BLR_WH,35,3,11.666666666666666,6,2025-03-13,3.0,False
2025-03-20,P003,BOM_WH,99,3,33.0,6,2025-03-02,3.0,False
2025-03-20,P003,DEL_WH,6,3,2.0,6,2025-03-19,3.0,False
2025-03-20,P004,BLR_WH,67,3,22.333333333333332,6,2025-03-05,3.0,False
2025-03-20,P004,BOM_WH,44,3,14.666666666666666,6,2025-03-25,3.0,False
2025-03-20,P004,DEL_WH,32,3,10.666666666666666,6,2025-03-04,3.0,False
2025-03-20,P005,BLR_WH,304,2,152.0,6,2025-03-17,2.0,False
2025-03-20,P005,BOM_WH,11,2,5.5,6,2025-03-03,2.0,False
2025-03-20,P005,DEL_WH,155,2,77.5,6,2025-03-31,2.0,False
2025-03-20,P006,BLR_WH,52,2,26.0,6,2025-03-11,2.0,False
2025-03-20,P006,BOM_WH,122,2,61.0,6,2025-03-14,2.0,False
2025-03-20,P006,DEL_WH,306,2,153.0,6,2025-03-19,2.0,False
2025-03-20,P007,BLR_WH,68,3,22.666666666666668,6,2025-03-23,4.0,False
2025-03-20,P007,BOM_WH,36,3,12.0,6,2025-03-14,4.0,False
2025-03-20,P007,DEL_WH,49,3,16.333333333333332,6,2025-03-15,4.0,False
2025-03-20,P008,BLR_WH,50,5,10.0,6,2025-03-07,4.0,False
2025-03-20,P008,BOM_WH,30,5,6.0,6,2025-03-08,4.0,False
2025-03-20,P008,DEL_WH,56,5,11.2,6,2025-03-07,4.0,False
2025-03-21,P001,BLR_WH,62,6,10.333333333333334,6,2025-03-06,5.0,False
2025-03-21,P001,BOM_WH,37,6,6.166666666666667,6,2025-03-17,5.0,False
2025-03-21,P001,DEL_WH,37,6,6.166666666666667,6,2025-04-04,5.0,False
2025-03-21,P002,BLR_WH,42,5,8.4,6,2025-03-15,6.0,False
2025-03-21,P002,BOM_WH,67,5,13.4,6,2025-03-21,6.0,False
2025-03-21,P002,DEL_WH,42,5,8.4,6,2025-04-02,6.0,False
2025-03-21,P003,BLR_WH,29,5,5.8,6,2025-03-13,3.0,False
2025-03-21,P003,BOM_WH,39,5,7.8,6,2025-03-02,3.0,False
2025-03-21,P003,DEL_WH,59,5,11.8,6,2025-03-19,3.0,False
2025-03-21,P004,BLR_WH,21,4,5.25,6,2025-03-05,3.0,False
2025-03-21,P004,BOM_WH,54,4,13.5,6,2025-03-25,3.0,False
2025-03-21,P004,DEL_WH,57,4,14.25,6,2025-03-04,3.0,False
2025-03-21,P005,BLR_WH,281,7,40.142857142857146,6,2025-03-17,2.0,False
2025-03-21,P005,BOM_WH,127,7,18.142857142857142,6,2025-03-03,2.0,False
2025-03-21,P005,DEL_WH,69,7,9.857142857142858,6,2025-03-31,2.0,False
2025-03-21,P006,BLR_WH,172,4,43.0,6,2025-03-11,2.0,False
2025-03-21,P006,BOM_WH,90,4,22.5,6,2025-03-14,2.0,False
2025-03-21,P006,DEL_WH,237,4,59.25,6,2025-03-19,2.0,False
2025-03-21,P007,BLR_WH,2,6,0.3333333333333333,6,2025-03-23,4.0,True
2025-03-21,P007,BOM_WH,125,6,20.833333333333332,6,2025-03-14,4.0,False
2025-03-21,P007,DEL_WH,18,6,3.0,6,2025-03-15,4.0,False
2025-03-21,P008,BLR_WH,29,3,9.666666666666666,6,2025-03-07,4.0,False
2025-03-21,P008,BOM_WH,98,3,32.666666666666664,6,2025-03-08,4.0,False
2025-03-21,P008,DEL_WH,16,3,5.333333333333333,6,2025-03-07,4.0,False
2025-03-22,P001,BLR_WH,89,3,29.666666666666668,6,2025-03-06,5.0,False
2025-03-22,P001,BOM_WH,9,3,3.0,6,2025-03-17,5.0,False
2025-03-22,P001,DEL_WH,33,3,11.0,6,2025-04-04,5.0,False
2025-03-22,P002,BLR_WH,54,4,13.5,6,2025-03-15,6.0,False
2025-03-22,P002,BOM_WH,22,4,5.5,6,2025-03-21,6.0,False
2025-03-22,P002,DEL_WH,44,4,11.0,6,2025-04-02,6.0,False
2025-03-22,P003,BLR_WH,72,2,36.0,6,2025-03-13,3.0,False
2025-03-22,P003,BOM_WH,27,2,13.5,6,2025-03-02,3.0,False
2025-03-22,P003,DEL_WH,18,2,9.0,6,2025-03-19,3.0,False
2025-03-22,P004,BLR_WH,44,3,14.666666666666666,6,2025-03-05,3.0,False
2025-03-22,P004,BOM_WH,36,3,12.0,6,2025-03-25,3.0,False
2025-03-22,P004,DEL_WH,63,3,21.0,6,2025-03-04,3.0,False
2025-03-22,P005,BLR_WH,144,3,48.0,6,2025-03-17,2.0,False
2025-03-22,P005,BOM_WH,100,3,33.333333333333336,6,2025-03-03,2.0,False
2025-03-22,P005,DEL_WH,242,3,80.66666666666667,6,2025-03-31,2.0,False
2025-03-22,P006,BLR_WH,236,2,118.0,6,2025-03-11,2.0,False
2025-03-22,P006,BOM_WH,115,2,57.5,6,2025-03-14,2.0,False
2025-03-22,P006,DEL_WH,143,2,71.5,6,2025-03-19,2.0,False
2025-03-22,P007,BLR_WH,2,3,0.6666666666666666,6,2025-03-23,4.0,True
2025-03-22,P007,BOM_WH,13,3,4.333333333333333,6,2025-03-14,4.0,False
2025-03-22,P007,DEL_WH,115,3,38.333333333333336,6,2025-03-15,4.0,False
2025-03-22,P008,BLR_WH,35,2,17.5,6,2025-03-07,4.0,False
2025-03-22,P008,BOM_WH,48,2,24.0,6,2025-03-08,4.0,False
2025-03-22,P008,DEL_WH,44,2,22.0,6,2025-03-07,4.0,False
2025-03-23,P001,BLR_WH,35,0,35.0,6,2025-03-06,5.0,False
2025-03-23,P001,BOM_WH,57,0,57.0,6,2025-03-17,5.0,False
2025-03-23,P001,DEL_WH,42,0,42.0,6,2025-04-04,5.0,False
2025-03-23,P002,BLR_WH,3,4,0.75,6,2025-03-15,6.0,False
2025-03-23,P002,BOM_WH,73,4,18.25,6,2025-03-21,6.0,False
2025-03-23,P002,DEL_WH,44,4,11.0,6,2025-04-02,6.0,False
2025-03-23,P003,BLR_WH,34,2,17.0,6,2025-03-13,3.0,False
2025-03-23,P003,BOM_WH,44,2,22.0,6,2025-03-02,3.0,False
2025-03-23,P003,DEL_WH,43,2,21.5,6,2025-03-19,3.0,False
2025-03-23,P004,BLR_WH,78,4,19.5,6,2025-03-05,3.0,False
2025-03-23,P004,BOM_WH,17,4,4.25,6,2025-03-25,3.0,False
2025-03-23,P004,DEL_WH,44,4,11.0,6,2025-03-04,3.0,False
2025-03-23,P005,BLR_WH,74,6,12.333333333333334,6,2025-03-17,2.0,False
2025-03-23,P005,BOM_WH,117,6,19.5,6,2025-03-03,2.0,False
2025-03-23,P005,DEL_WH,280,6,46.666666666666664,6,2025-03-31,2.0,False
2025-03-23,P006,BLR_WH,182,6,30.333333333333332,6,2025-03-11,2.0,False
2025-03-23,P006,BOM_WH,239,6,39.833333333333336,6,2025-03-14,2.0,False
2025-03-23,P006,DEL_WH,57,6,9.5,6,2025-03-19,2.0,False
2025-03-23,P007,BLR_WH,11,3,3.6666666666666665,6,2025-03-23,4.0,False
2025-03-23,P007,BOM_WH,75,3,25.0,6,2025-03-14,4.0,False
2025-03-23,P007,DEL_WH,43,3,14.333333333333334,6,2025-03-15,4.0,False
2025-03-23,P008,BLR_WH,16,3,5.333333333333333,6,2025-03-07,4.0,False
2025-03-23,P008,BOM_WH,29,3,9.666666666666666,6,2025-03-08,4.0,False
2025-03-23,P008,DEL_WH,86,3,28.666666666666668,6,2025-03-07,4.0,False
2025-03-24,P001,BLR_WH,48,8,6.0,6,2025-03-06,5.0,False
2025-03-24,P001,BOM_WH,3,8,0.375,6,2025-03-17,5.0,False
2025-03-24,P001,DEL_WH,74,8,9.25,6,2025-04-04,5.0,False
2025-03-24,P002,BLR_WH,23,8,2.875,6,2025-03-15,6.0,False
2025-03-24,P002,BOM_WH,32,8,4.0,6,2025-03-21,6.0,False
2025-03-24,P002,DEL_WH,56,8,7.0,6,2025-04-02,6.0,False
2025-03-24,P003,BLR_WH,39,1,39.0,6,2025-03-13,3.0,False
2025-03-24,P003,BOM_WH,77,1,77.0,6,2025-03-02,3.0,False
2025-03-24,P003,DEL_WH,20,1,20.0,6,2025-03-19,3.0,False
2025-03-24,P004,BLR_WH,41,4,10.25,6,2025-03-05,3.0,False
2025-03-24,P004,BOM_WH,35,4,8.75,6,2025-03-25,3.0,False
2025-03-24,P004,DEL_WH,64,4,16.0,6,2025-03-04,3.0,False
2025-03-24,P005,BLR_WH,116,3,38.666666666666664,6,2025-03-17,2.0,False
2025-03-24,P005,BOM_WH,40,3,13.333333333333334,6,2025-03-03,2.0,False
2025-03-24,P005,DEL_WH,337,3,112.33333333333333,6,2025-03-31,2.0,False
2025-03-24,P006,BLR_WH,332,2,166.0,6,2025-03-11,2.0,False
2025-03-24,P006,BOM_WH,36,2,18.0,6,2025-03-14,2.0,False
2025-03-24,P006,DEL_WH,111,2,55.5,6,2025-03-19,2.0,False
2025-03-24,P007,BLR_WH,78,4,19.5,6,2025-03-23,4.0,False
2025-03-24,P007,BOM_WH,22,4,5.5,6,2025-03-14,4.0,False
2025-03-24,P007,DEL_WH,32,4,8.0,6,2025-03-15,4.0,False
2025-03-24,P008,BLR_WH,48,4,12.0,6,2025-03-07,4.0,False
2025-03-24,P008,BOM_WH,42,4,10.5,6,2025-03-08,4.0,False
2025-03-24,P008,DEL_WH,34,4,8.5,6,2025-03-07,4.0,False
2025-03-25,P001,BLR_WH,64,3,21.333333333333332,6,2025-03-06,5.0,False
2025-03-25,P001,BOM_WH,41,3,13.666666666666666,6,2025-03-17,5.0,False
2025-03-25,P001,DEL_WH,22,3,7.333333333333333,6,2025-04-04,5.0,False
2025-03-25,P002,BLR_WH,78,3,26.0,6,2025-03-15,6.0,False
2025-03-25,P002,BOM_WH,32,3,10.666666666666666,6,2025-03-21,6.0,False
2025-03-25,P002,DEL_WH,5,3,1.6666666666666667,6,2025-04-02,6.0,True
2025-03-25,P003,BLR_WH,97,3,32.333333333333336,6,2025-03-13,3.0,False
2025-03-25,P003,BOM_WH,4,3,1.3333333333333333,6,2025-03-02,3.0,False
2025-03-25,P003,DEL_WH,28,3,9.333333333333334,6,2025-03-19,3.0,False
2025-03-25,P004,BLR_WH,40,7,5.714285714285714,6,2025-03-05,3.0,False
2025-03-25,P004,BOM_WH,56,7,8.0,6,2025-03-25,3.0,False
2025-03-25,P004,DEL_WH,31,7,4.428571428571429,6,2025-03-04,3.0,False
2025-03-25,P005,BLR_WH,117,6,19.5,6,2025-03-17,2.0,False
2025-03-25,P005,BOM_WH,201,6,33.5,6,2025-03-03,2.0,False
2025-03-25,P005,DEL_WH,181,6,30.166666666666668,6,2025-03-31,2.0,False
2025-03-25,P006,BLR_WH,199,2,99.5,6,2025-03-11,2.0,False
2025-03-25,P006,BOM_WH,213,2,106.5,6,2025-03-14,2.0,False
2025-03-25,P006,DEL_WH,60,2,30.0,6,2025-03-19,2.0,False
2025-03-25,P007,BLR_WH,44,5,8.8,6,2025-03-23,4.0,False
2025-03-25,P007,BOM_WH,13,5,2.6,6,2025-03-14,4.0,False
2025-03-25,P007,DEL_WH,100,5,20.0,6,2025-03-15,4.0,False
2025-03-25,P008,BLR_WH,13,2,6.5,6,2025-03-07,4.0,False
2025-03-25,P008,BOM_WH,76,2,38.0,6,2025-03-08,4.0,False
2025-03-25,P008,DEL_WH,52,2,26.0,6,2025-03-07,4.0,False
2025-03-26,P001,BLR_WH,9,7,1.2857142857142858,6,2025-03-06,5.0,False
2025-03-26,P001,BOM_WH,92,7,13.142857142857142,6,2025-03-17,5.0,False
2025-03-26,P001,DEL_WH,40,7,5.714285714285714,6,2025-04-04,5.0,False
2025-03-26,P002,BLR_WH,74,4,18.5,6,2025-03-15,6.0,False
2025-03-26,P002,BOM_WH,13,4,3.25,6,2025-03-21,6.0,False
2025-03-26,P002,DEL_WH,42,4,10.5,6,2025-04-02,6.0,False
2025-03-26,P003,BLR_WH,34,6,5.666666666666667,6,2025-03-13,3.0,False
2025-03-26,P003,BOM_WH,38,6,6.333333333333333,6,2025-03-02,3.0,False
2025-03-26,P003,DEL_WH,57,6,9.5,6,2025-03-19,3.0,False
2025-03-26,P004,BLR_WH,30,2,15.0,6,2025-03-05,3.0,False
2025-03-26,P004,BOM_WH,24,2,12.0,6,2025-03-25,3.0,False
2025-03-26,P004,DEL_WH,70,2,35.0,6,2025-03-04,3.0,False
2025-03-26,P005,BLR_WH,167,5,33.4,6,2025-03-17,2.0,False
2025-03-26,P005,BOM_WH,134,5,26.8,6,2025-03-03,2.0,False
2025-03-26,P005,DEL_WH,167,5,33.4,6,2025-03-31,2.0,False
2025-03-26,P006,BLR_WH,341,1,341.0,6,2025-03-11,2.0,False
2025-03-26,P006,BOM_WH,81,1,81.0,6,2025-03-14,2.0,False
2025-03-26,P006,DEL_WH,52,1,52.0,6,2025-03-19,2.0,False
2025-03-26,P007,BLR_WH,60,1,60.0,6,2025-03-23,4.0,False
2025-03-26,P007,BOM_WH,45,1,45.0,6,2025-03-14,4.0,False
2025-03-26,P007,DEL_WH,38,1,38.0,6,2025-03-15,4.0,False
2025-03-26,P008,BLR_WH,18,5,3.6,6,2025-03-07,4.0,False
2025-03-26,P008,BOM_WH,55,5,11.0,6,2025-03-08,4.0,False
2025-03-26,P008,DEL_WH,66,5,13.2,6,2025-03-07,4.0,False
2025-03-27,P001,BLR_WH,104,5,20.8,6,2025-03-06,5.0,False
2025-03-27,P001,BOM_WH,14,5,2.8,6,2025-03-17,5.0,False
2025-03-27,P001,DEL_WH,34,5,6.8,6,2025-04-04,5.0,False
2025-03-27,P002,BLR_WH,2,3,0.6666666666666666,6,2025-03-15,6.0,False
2025-03-27,P002,BOM_WH,94,3,31.333333333333332,6,2025-03-21,6.0,False
2025-03-27,P002,DEL_WH,33,3,11.0,6,2025-04-02,6.0,False
2025-03-27,P003,BLR_WH,18,3,6.0,6,2025-03-13,3.0,False
2025-03-27,P003,BOM_WH,86,3,28.666666666666668,6,2025-03-02,3.0,False
2025-03-27,P003,DEL_WH,18,3,6.0,6,2025-03-19,3.0,False
2025-03-27,P004,BLR_WH,68,2,34.0,6,2025-03-05,3.0,False
2025-03-27,P004,BOM_WH,20,2,10.0,6,2025-03-25,3.0,False
2025-03-27,P004,DEL_WH,48,2,24.0,6,2025-03-04,3.0,False
2025-03-27,P005,BLR_WH,197,5,39.4,6,2025-03-17,2.0,False
2025-03-27,P005,BOM_WH,66,5,13.2,6,2025-03-03,2.0,False
2025-03-27,P005,DEL_WH,205,5,41.0,6,2025-03-31,2.0,False
2025-03-27,P006,BLR_WH,19,2,9.5,6,2025-03-11,2.0,False
2025-03-27,P006,BOM_WH,363,2,181.5,6,2025-03-14,2.0,False
2025-03-27,P006,DEL_WH,94,2,47.0,6,2025-03-19,2.0,False
2025-03-27,P007,BLR_WH,23,6,3.8333333333333335,6,2025-03-23,4.0,False
2025-03-27,P007,BOM_WH,27,6,4.5,6,2025-03-14,4.0,False
2025-03-27,P007,DEL_WH,62,6,10.333333333333334,6,2025-03-15,4.0,False
2025-03-27,P008,BLR_WH,39,4,9.75,6,2025-03-07,4.0,False
2025-03-27,P008,BOM_WH,35,4,8.75,6,2025-03-08,4.0,False
2025-03-27,P008,DEL_WH,39,4,9.75,6,2025-03-07,4.0,False
2025-03-28,P001,BLR_WH,53,7,7.571428571428571,6,2025-03-06,5.0,False
2025-03-28,P001,BOM_WH,19,7,2.7142857142857144,6,2025-03-17,5.0,False
2025-03-28,P001,DEL_WH,57,7,8.142857142857142,6,2025-04-04,5.0,False
2025-03-28,P002,BLR_WH,30,4,7.5,6,2025-03-15,6.0,False
2025-03-28,P002,BOM_WH,63,4,15.75,6,2025-03-21,6.0,False
2025-03-28,P002,DEL_WH,52,4,13.0,6,2025-04-02,6.0,False
2025-03-28,P003,BLR_WH,19,6,3.1666666666666665,6,2025-03-13,3.0,False
2025-03-28,P003,BOM_WH,53,6,8.833333333333334,6,2025-03-02,3.0,False
2025-03-28,P003,DEL_WH,68,6,11.333333333333334,6,2025-03-19,3.0,False
2025-03-28,P004,BLR_WH,24,4,6.0,6,2025-03-05,3.0,False
2025-03-28,P004,BOM_WH,34,4,8.5,6,2025-03-25,3.0,False
2025-03-28,P004,DEL_WH,81,4,20.25,6,2025-03-04,3.0,False
2025-03-28,P005,BLR_WH,126,7,18.0,6,2025-03-17,2.0,False
2025-03-28,P005,BOM_WH,149,7,21.285714285714285,6,2025-03-03,2.0,False
2025-03-28,P005,DEL_WH,201,7,28.714285714285715,6,2025-03-31,2.0,False
2025-03-28,P006,BLR_WH,25,2,12.5,6,2025-03-11,2.0,False
2025-03-28,P006,BOM_WH,263,2,131.5,6,2025-03-14,2.0,False
2025-03-28,P006,DEL_WH,198,2,99.0,6,2025-03-19,2.0,False
2025-03-28,P007,BLR_WH,6,3,2.0,6,2025-03-23,4.0,False
2025-03-28,P007,BOM_WH,23,3,7.666666666666667,6,2025-03-14,4.0,False
2025-03-28,P007,DEL_WH,87,3,29.0,6,2025-03-15,4.0,False
2025-03-28,P008,BLR_WH,57,3,19.0,6,2025-03-07,4.0,False
2025-03-28,P008,BOM_WH,26,3,8.666666666666666,6,2025-03-08,4.0,False
2025-03-28,P008,DEL_WH,36,3,12.0,6,2025-03-07,4.0,False
2025-03-29,P001,BLR_WH,101,2,50.5,6,2025-03-06,5.0,False
2025-03-29,P001,BOM_WH,7,2,3.5,6,2025-03-17,5.0,False
2025-03-29,P001,DEL_WH,27,2,13.5,6,2025-04-04,5.0,False
2025-03-29,P002,BLR_WH,59,4,14.75,6,2025-03-15,6.0,False
2025-03-29,P002,BOM_WH,33,4,8.25,6,2025-03-21,6.0,False
2025-03-29,P002,DEL_WH,18,4,4.5,6,2025-04-02,6.0,True
2025-03-29,P003,BLR_WH,53,6,8.833333333333334,6,2025-03-13,3.0,False
2025-03-29,P003,BOM_WH,52,6,8.666666666666666,6,2025-03-02,3.0,False
2025-03-29,P003,DEL_WH,13,6,2.1666666666666665,6,2025-03-19,3.0,False
2025-03-29,P004,BLR_WH,19,4,4.75,6,2025-03-05,3.0,False
2025-03-29,P004,BOM_WH,99,4,24.75,6,2025-03-25,3.0,False
2025-03-29,P004,DEL_WH,22,4,5.5,6,2025-03-04,3.0,False
2025-03-29,P005,BLR_WH,142,3,47.333333333333336,6,2025-03-17,2.0,False
2025-03-29,P005,BOM_WH,259,3,86.33333333333333,6,2025-03-03,2.0,False
2025-03-29,P005,DEL_WH,76,3,25.333333333333332,6,2025-03-31,2.0,False
2025-03-29,P006,BLR_WH,142,1,142.0,6,2025-03-11,2.0,False
2025-03-29,P006,BOM_WH,308,1,308.0,6,2025-03-14,2.0,False
2025-03-29,P006,DEL_WH,35,1,35.0,6,2025-03-19,2.0,False
2025-03-29,P007,BLR_WH,19,1,19.0,6,2025-03-23,4.0,False
2025-03-29,P007,BOM_WH,24,1,24.0,6,2025-03-14,4.0,False
2025-03-29,P007,DEL_WH,77,1,77.0,6,2025-03-15,4.0,False
2025-03-29,P008,BLR_WH,42,5,8.4,6,2025-03-07,4.0,False
2025-03-29,P008,BOM_WH,19,5,3.8,6,2025-03-08,4.0,False
2025-03-29,P008,DEL_WH,82,5,16.4,6,2025-03-07,4.0,False
2025-03-30,P001,BLR_WH,6,1,6.0,6,2025-03-06,5.0,False
2025-03-30,P001,BOM_WH,6,1,6.0,6,2025-03-17,5.0,False
2025-03-30,P001,DEL_WH,128,1,128.0,6,2025-04-04,5.0,False
2025-03-30,P002,BLR_WH,75,4,18.75,6,2025-03-15,6.0,False
2025-03-30,P002,BOM_WH,37,4,9.25,6,2025-03-21,6.0,False
2025-03-30,P002,DEL_WH,15,4,3.75,6,2025-04-02,6.0,True
2025-03-30,P003,BLR_WH,32,3,10.666666666666666,6,2025-03-13,3.0,False
2025-03-30,P003,BOM_WH,31,3,10.333333333333334,6,2025-03-02,3.0,False
2025-03-30,P003,DEL_WH,44,3,14.666666666666666,6,2025-03-19,3.0,False
2025-03-30,P004,BLR_WH,84,2,42.0,6,2025-03-05,3.0,False
2025-03-30,P004,BOM_WH,22,2,11.0,6,2025-03-25,3.0,False
2025-03-30,P004,DEL_WH,5,2,2.5,6,2025-03-04,3.0,False
2025-03-30,P005,BLR_WH,343,3,114.33333333333333,6,2025-03-17,2.0,False
2025-03-30,P005,BOM_WH,17,3,5.666666666666667,6,2025-03-03,2.0,False
2025-03-30,P005,DEL_WH,123,3,41.0,6,2025-03-31,2.0,False
2025-03-30,P006,BLR_WH,74,3,24.666666666666668,6,2025-03-11,2.0,False
2025-03-30,P006,BOM_WH,64,3,21.333333333333332,6,2025-03-14,2.0,False
2025-03-30,P006,DEL_WH,335,3,111.66666666666667,6,2025-03-19,2.0,False
2025-03-30,P007,BLR_WH,82,8,10.25,6,2025-03-23,4.0,False
2025-03-30,P007,BOM_WH,53,8,6.625,6,2025-03-14,4.0,False
2025-03-30,P007,DEL_WH,16,8,2.0,6,2025-03-15,4.0,False
2025-03-30,P008,BLR_WH,95,1,95.0,6,2025-03-07,4.0,False
2025-03-30,P008,BOM_WH,6,1,6.0,6,2025-03-08,4.0,False
2025-03-30,P008,DEL_WH,28,1,28.0,6,2025-03-07,4.0,False
2025-03-31,P001,BLR_WH,52,4,13.0,6,2025-03-06,5.0,False
2025-03-31,P001,BOM_WH,17,4,4.25,6,2025-03-17,5.0,False
2025-03-31,P001,DEL_WH,51,4,12.75,6,2025-04-04,5.0,False
2025-03-31,P002,BLR_WH,60,7,8.571428571428571,6,2025-03-15,6.0,False
2025-03-31,P002,BOM_WH,8,7,1.1428571428571428,6,2025-03-21,6.0,False
2025-03-31,P002,DEL_WH,55,7,7.857142857142857,6,2025-04-02,6.0,False
2025-03-31,P003,BLR_WH,26,1,26.0,6,2025-03-13,3.0,False
2025-03-31,P003,BOM_WH,32,1,32.0,6,2025-03-02,3.0,False
2025-03-31,P003,DEL_WH,75,1,75.0,6,2025-03-19,3.0,False
2025-03-31,P004,BLR_WH,74,5,14.8,6,2025-03-05,3.0,False
2025-03-31,P004,BOM_WH,37,5,7.4,6,2025-03-25,3.0,False
2025-03-31,P004,DEL_WH,20,5,4.0,6,2025-03-04,3.0,False
2025-03-31,P005,BLR_WH,123,6,20.5,6,2025-03-17,2.0,False
2025-03-31,P005,BOM_WH,309,6,51.5,6,2025-03-03,2.0,False
2025-03-31,P005,DEL_WH,34,6,5.666666666666667,6,2025-03-31,2.0,False
2025-03-31,P006,BLR_WH,178,1,178.0,6,2025-03-11,2.0,False
2025-03-31,P006,BOM_WH,74,1,74.0,6,2025-03-14,2.0,False
2025-03-31,P006,DEL_WH,222,1,222.0,6,2025-03-19,2.0,False
2025-03-31,P007,BLR_WH,38,3,12.666666666666666,6,2025-03-23,4.0,False
2025-03-31,P007,BOM_WH,58,3,19.333333333333332,6,2025-03-14,4.0,False
2025-03-31,P007,DEL_WH,25,3,8.333333333333334,6,2025-03-15,4.0,False
2025-03-31,P008,BLR_WH,0,3,0.0,6,2025-03-07,4.0,False
2025-03-31,P008,BOM_WH,28,3,9.333333333333334,6,2025-03-08,4.0,False
2025-03-31,P008,DEL_WH,97,3,32.333333333333336,6,2025-03-07,4.0,False
2025-04-01,P001,BLR_WH,55,3,18.333333333333332,6,2025-03-06,5.0,False
2025-04-01,P001,BOM_WH,25,3,8.333333333333334,6,2025-03-17,5.0,False
2025-04-01,P001,DEL_WH,49,3,16.333333333333332,6,2025-04-04,5.0,False
2025-04-01,P002,BLR_WH,24,4,6.0,6,2025-03-15,6.0,False
2025-04-01,P002,BOM_WH,44,4,11.0,6,2025-03-21,6.0,False
2025-04-01,P002,DEL_WH,60,4,15.0,6,2025-04-02,6.0,False
2025-04-01,P003,BLR_WH,64,4,16.0,6,2025-03-13,3.0,False
2025-04-01,P003,BOM_WH,31,4,7.75,6,2025-03-02,3.0,False
2025-04-01,P003,DEL_WH,24,4,6.0,6,2025-03-19,3.0,False
2025-04-01,P004,BLR_WH,81,4,20.25,6,2025-03-05,3.0,False
2025-04-01,P004,BOM_WH,20,4,5.0,6,2025-03-25,3.0,False
2025-04-01,P004,DEL_WH,28,4,7.0,6,2025-03-04,3.0,False
2025-04-01,P005,BLR_WH,146,7,20.857142857142858,6,2025-03-17,2.0,False
2025-04-01,P005,BOM_WH,276,7,39.42857142857143,6,2025-03-03,2.0,False
2025-04-01,P005,DEL_WH,59,7,8.428571428571429,6,2025-03-31,2.0,False
2025-04-01,P006,BLR_WH,264,4,66.0,6,2025-03-11,2.0,False
2025-04-01,P006,BOM_WH,68,4,17.0,6,2025-03-14,2.0,False
2025-04-01,P006,DEL_WH,135,4,33.75,6,2025-03-19,2.0,False
2025-04-01,P007,BLR_WH,28,3,9.333333333333334,6,2025-03-23,4.0,False
2025-04-01,P007,BOM_WH,97,3,32.333333333333336,6,2025-03-14,4.0,False
2025-04-01,P007,DEL_WH,7,3,2.3333333333333335,6,2025-03-15,4.0,False
2025-04-01,P008,BLR_WH,76,1,76.0,6,2025-03-07,4.0,False
2025-04-01,P008,BOM_WH,20,1,20.0,6,2025-03-08,4.0,False
2025-04-01,P008,DEL_WH,31,1,31.0,6,2025-03-07,4.0,False
2025-04-02,P001,BLR_WH,40,4,10.0,6,2025-03-06,5.0,False
2025-04-02,P001,BOM_WH,20,4,5.0,6,2025-03-17,5.0,False
2025-04-02,P001,DEL_WH,53,4,13.25,6,2025-04-04,5.0,False
2025-04-02,P002,BLR_WH,43,0,43.0,6,2025-03-15,6.0,False
2025-04-02,P002,BOM_WH,39,0,39.0,6,2025-03-21,6.0,False
2025-04-02,P002,DEL_WH,29,0,29.0,6,2025-04-02,6.0,False
2025-04-02,P003,BLR_WH,37,3,12.333333333333334,6,2025-03-13,3.0,False
2025-04-02,P003,BOM_WH,76,3,25.333333333333332,6,2025-03-02,3.0,False
2025-04-02,P003,DEL_WH,14,3,4.666666666666667,6,2025-03-19,3.0,False
2025-04-02,P004,BLR_WH,13,2,6.5,6,2025-03-05,3.0,False
2025-04-02,P004,BOM_WH,54,2,27.0,6,2025-03-25,3.0,False
2025-04-02,P004,DEL_WH,64,2,32.0,6,2025-03-04,3.0,False
2025-04-02,P005,BLR_WH,103,6,17.166666666666668,6,2025-03-17,2.0,False
2025-04-02,P005,BOM_WH,254,6,42.333333333333336,6,2025-03-03,2.0,False
2025-04-02,P005,DEL_WH,122,6,20.333333333333332,6,2025-03-31,2.0,False
2025-04-02,P006,BLR_WH,58,2,29.0,6,2025-03-11,2.0,False
2025-04-02,P006,BOM_WH,189,2,94.5,6,2025-03-14,2.0,False
2025-04-02,P006,DEL_WH,220,2,110.0,6,2025-03-19,2.0,False
2025-04-02,P007,BLR_WH,46,3,15.333333333333334,6,2025-03-23,4.0,False
2025-04-02,P007,BOM_WH,68,3,22.666666666666668,6,2025-03-14,4.0,False
2025-04-02,P007,DEL_WH,13,3,4.333333333333333,6,2025-03-15,4.0,False
2025-04-02,P008,BLR_WH,31,5,6.2,6,2025-03-07,4.0,False
2025-04-02,P008,BOM_WH,32,5,6.4,6,2025-03-08,4.0,False
2025-04-02,P008,DEL_WH,52,5,10.4,6,2025-03-07,4.0,False
2025-04-03,P001,BLR_WH,53,3,17.666666666666668,6,2025-03-06,5.0,False
2025-04-03,P001,BOM_WH,68,3,22.666666666666668,6,2025-03-17,5.0,False
2025-04-03,P001,DEL_WH,9,3,3.0,6,2025-04-04,5.0,True
2025-04-03,P002,BLR_WH,20,4,5.0,6,2025-03-15,6.0,False
2025-04-03,P002,BOM_WH,34,4,8.5,6,2025-03-21,6.0,False
2025-04-03,P002,DEL_WH,65,4,16.25,6,2025-04-02,6.0,False
2025-04-03,P003,BLR_WH,43,5,8.6,6,2025-03-13,3.0,False
2025-04-03,P003,BOM_WH,52,5,10.4,6,2025-03-02,3.0,False
2025-04-03,P003,DEL_WH,27,5,5.4,6,2025-03-19,3.0,False
2025-04-03,P004,BLR_WH,39,2,19.5,6,2025-03-05,3.0,False
2025-04-03,P004,BOM_WH,33,2,16.5,6,2025-03-25,3.0,False
2025-04-03,P004,DEL_WH,61,2,30.5,6,2025-03-04,3.0,False
2025-04-03,P005,BLR_WH,243,3,81.0,6,2025-03-17,2.0,False
2025-04-03,P005,BOM_WH,126,3,42.0,6,2025-03-03,2.0,False
2025-04-03,P005,DEL_WH,93,3,31.0,6,2025-03-31,2.0,False
2025-04-03,P006,BLR_WH,20,1,20.0,6,2025-03-11,2.0,False
2025-04-03,P006,BOM_WH,185,1,185.0,6,2025-03-14,2.0,False
2025-04-03,P006,DEL_WH,259,1,259.0,6,2025-03-19,2.0,False
2025-04-03,P007,BLR_WH,56,3,18.666666666666668,6,2025-03-23,4.0,False
2025-04-03,P007,BOM_WH,34,3,11.333333333333334,6,2025-03-14,4.0,False
2025-04-03,P007,DEL_WH,34,3,11.333333333333334,6,2025-03-15,4.0,False
2025-04-03,P008,BLR_WH,12,5,2.4,6,2025-03-07,4.0,False
2025-04-03,P008,BOM_WH,67,5,13.4,6,2025-03-08,4.0,False
2025-04-03,P008,DEL_WH,45,5,9.0,6,2025-03-07,4.0,False
2025-04-04,P001,BLR_WH,34,5,6.8,6,2025-03-06,5.0,False
2025-04-04,P001,BOM_WH,67,5,13.4,6,2025-03-17,5.0,False
2025-04-04,P001,DEL_WH,39,5,7.8,6,2025-04-04,5.0,False
2025-04-04,P002,BLR_WH,18,9,2.0,6,2025-03-15,6.0,False
2025-04-04,P002,BOM_WH,56,9,6.222222222222222,6,2025-03-21,6.0,False
2025-04-04,P002,DEL_WH,54,9,6.0,6,2025-04-02,6.0,False
2025-04-04,P003,BLR_WH,29,3,9.666666666666666,6,2025-03-13,3.0,False
2025-04-04,P003,BOM_WH,28,3,9.333333333333334,6,2025-03-02,3.0,False
2025-04-04,P003,DEL_WH,46,3,15.333333333333334,6,2025-03-19,3.0,False
2025-04-04,P004,BLR_WH,14,2,7.0,6,2025-03-05,3.0,False
2025-04-04,P004,BOM_WH,38,2,19.0,6,2025-03-25,3.0,False
2025-04-04,P004,DEL_WH,66,2,33.0,6,2025-03-04,3.0,False
2025-04-04,P005,BLR_WH,85,5,17.0,6,2025-03-17,2.0,False
2025-04-04,P005,BOM_WH,218,5,43.6,6,2025-03-03,2.0,False
2025-04-04,P005,DEL_WH,179,5,35.8,6,2025-03-31,2.0,False
2025-04-04,P006,BLR_WH,110,3,36.666666666666664,6,2025-03-11,2.0,False
2025-04-04,P006,BOM_WH,298,3,99.33333333333333,6,2025-03-14,2.0,False
2025-04-04,P006,DEL_WH,73,3,24.333333333333332,6,2025-03-19,2.0,False
2025-04-04,P007,BLR_WH,52,4,13.0,6,2025-03-23,4.0,False
2025-04-04,P007,BOM_WH,26,4,6.5,6,2025-03-14,4.0,False
2025-04-04,P007,DEL_WH,49,4,12.25,6,2025-03-15,4.0,False
2025-04-04,P008,BLR_WH,13,4,3.25,6,2025-03-07,4.0,False
2025-04-04,P008,BOM_WH,63,4,15.75,6,2025-03-08,4.0,False
2025-04-04,P008,DEL_WH,66,4,16.5,6,2025-03-07,4.0,False
2025-04-05,P001,BLR_WH,42,5,8.4,6,2025-03-06,5.0,False
2025-04-05,P001,BOM_WH,51,5,10.2,6,2025-03-17,5.0,False
2025-04-05,P001,DEL_WH,29,5,5.8,6,2025-04-04,5.0,False
2025-04-05,P002,BLR_WH,16,1,16.0,6,2025-03-15,6.0,False
2025-04-05,P002,BOM_WH,13,1,13.0,6,2025-03-21,6.0,False
2025-04-05,P002,DEL_WH,85,1,85.0,6,2025-04-02,6.0,False
2025-04-05,P003,BLR_WH,21,5,4.2,6,2025-03-13,3.0,False
2025-04-05,P003,BOM_WH,46,5,9.2,6,2025-03-02,3.0,False
2025-04-05,P003,DEL_WH,48,5,9.6,6,2025-03-19,3.0,False
2025-04-05,P004,BLR_WH,41,4,10.25,6,2025-03-05,3.0,False
2025-04-05,P004,BOM_WH,27,4,6.75,6,2025-03-25,3.0,False
2025-04-05,P004,DEL_WH,42,4,10.5,6,2025-03-04,3.0,False
2025-04-05,P005,BLR_WH,163,1,163.0,6,2025-03-17,2.0,False
2025-04-05,P005,BOM_WH,34,1,34.0,6,2025-03-03,2.0,False
2025-04-05,P005,DEL_WH,254,1,254.0,6,2025-03-31,2.0,False
2025-04-05,P006,BLR_WH,160,9,17.77777777777778,6,2025-03-11,2.0,False
2025-04-05,P006,BOM_WH,138,9,15.333333333333334,6,2025-03-14,2.0,False
2025-04-05,P006,DEL_WH,165,9,18.333333333333332,6,2025-03-19,2.0,False
2025-04-05,P007,BLR_WH,57,7,8.142857142857142,6,2025-03-23,4.0,False
2025-04-05,P007,BOM_WH,64,7,9.142857142857142,6,2025-03-14,4.0,False
2025-04-05,P007,DEL_WH,13,7,1.8571428571428572,6,2025-03-15,4.0,False
2025-04-05,P008,BLR_WH,38,5,7.6,6,2025-03-07,4.0,False
2025-04-05,P008,BOM_WH,40,5,8.0,6,2025-03-08,4.0,False
2025-04-05,P008,DEL_WH,60,5,12.0,6,2025-03-07,4.0,False
2025-04-06,P001,BLR_WH,51,1,51.0,6,2025-03-06,5.0,False
2025-04-06,P001,BOM_WH,41,1,41.0,6,2025-03-17,5.0,False
2025-04-06,P001,DEL_WH,17,1,17.0,6,2025-04-04,5.0,False
2025-04-06,P002,BLR_WH,41,3,13.666666666666666,6,2025-03-15,6.0,False
2025-04-06,P002,BOM_WH,69,3,23.0,6,2025-03-21,6.0,False
2025-04-06,P002,DEL_WH,29,3,9.666666666666666,6,2025-04-02,6.0,False
2025-04-06,P003,BLR_WH,46,3,15.333333333333334,6,2025-03-13,3.0,False
2025-04-06,P003,BOM_WH,45,3,15.0,6,2025-03-02,3.0,False
2025-04-06,P003,DEL_WH,16,3,5.333333333333333,6,2025-03-19,3.0,False
2025-04-06,P004,BLR_WH,51,4,12.75,6,2025-03-05,3.0,False
2025-04-06,P004,BOM_WH,37,4,9.25,6,2025-03-25,3.0,False
2025-04-06,P004,DEL_WH,56,4,14.0,6,2025-03-04,3.0,False
2025-04-06,P005,BLR_WH,145,2,72.5,6,2025-03-17,2.0,False
2025-04-06,P005,BOM_WH,63,2,31.5,6,2025-03-03,2.0,False
2025-04-06,P005,DEL_WH,278,2,139.0,6,2025-03-31,2.0,False
2025-04-06,P006,BLR_WH,163,1,163.0,6,2025-03-11,2.0,False
2025-04-06,P006,BOM_WH,100,1,100.0,6,2025-03-14,2.0,False
2025-04-06,P006,DEL_WH,212,1,212.0,6,2025-03-19,2.0,False
2025-04-06,P007,BLR_WH,15,5,3.0,6,2025-03-23,4.0,False
2025-04-06,P007,BOM_WH,23,5,4.6,6,2025-03-14,4.0,False
2025-04-06,P007,DEL_WH,74,5,14.8,6,2025-03-15,4.0,False
2025-04-06,P008,BLR_WH,46,9,5.111111111111111,6,2025-03-07,4.0,False
2025-04-06,P008,BOM_WH,37,9,4.111111111111111,6,2025-03-08,4.0,False
2025-04-06,P008,DEL_WH,45,9,5.0,6,2025-03-07,4.0,False
2025-04-07,P001,BLR_WH,39,5,7.8,6,2025-03-06,5.0,False
2025-04-07,P001,BOM_WH,81,5,16.2,6,2025-03-17,5.0,False
2025-04-07,P001,DEL_WH,13,5,2.6,6,2025-04-04,5.0,False
2025-04-07,P002,BLR_WH,36,1,36.0,6,2025-03-15,6.0,False
2025-04-07,P002,BOM_WH,68,1,68.0,6,2025-03-21,6.0,False
2025-04-07,P002,DEL_WH,7,1,7.0,6,2025-04-02,6.0,False
2025-04-07,P003,BLR_WH,0,8,0.0,6,2025-03-13,3.0,False
2025-04-07,P003,BOM_WH,101,8,12.625,6,2025-03-02,3.0,False
2025-04-07,P003,DEL_WH,5,8,0.625,6,2025-03-19,3.0,False
2025-04-07,P004,BLR_WH,14,3,4.666666666666667,6,2025-03-05,3.0,False
2025-04-07,P004,BOM_WH,62,3,20.666666666666668,6,2025-03-25,3.0,False
2025-04-07,P004,DEL_WH,42,3,14.0,6,2025-03-04,3.0,False
2025-04-07,P005,BLR_WH,139,5,27.8,6,2025-03-17,2.0,False
2025-04-07,P005,BOM_WH,88,5,17.6,6,2025-03-03,2.0,False
2025-04-07,P005,DEL_WH,258,5,51.6,6,2025-03-31,2.0,False
2025-04-07,P006,BLR_WH,240,4,60.0,6,2025-03-11,2.0,False
2025-04-07,P006,BOM_WH,69,4,17.25,6,2025-03-14,2.0,False
2025-04-07,P006,DEL_WH,178,4,44.5,6,2025-03-19,2.0,False
2025-04-07,P007,BLR_WH,19,0,19.0,6,2025-03-23,4.0,False
2025-04-07,P007,BOM_WH,62,0,62.0,6,2025-03-14,4.0,False
2025-04-07,P007,DEL_WH,58,0,58.0,6,2025-03-15,4.0,False
2025-04-07,P008,BLR_WH,66,9,7.333333333333333,6,2025-03-07,4.0,False
2025-04-07,P008,BOM_WH,41,9,4.555555555555555,6,2025-03-08,4.0,False
2025-04-07,P008,DEL_WH,20,9,2.2222222222222223,6,2025-03-07,4.0,False
2025-04-08,P001,BLR_WH,17,4,4.25,6,2025-03-06,5.0,False
2025-04-08,P001,BOM_WH,31,4,7.75,6,2025-03-17,5.0,False
2025-04-08,P001,DEL_WH,68,4,17.0,6,2025-04-04,5.0,False
2025-04-08,P002,BLR_WH,20,6,3.3333333333333335,6,2025-03-15,6.0,False
2025-04-08,P002,BOM_WH,61,6,10.166666666666666,6,2025-03-21,6.0,False
2025-04-08,P002,DEL_WH,33,6,5.5,6,2025-04-02,6.0,False
2025-04-08,P003,BLR_WH,53,4,13.25,6,2025-03-13,3.0,False
2025-04-08,P003,BOM_WH,32,4,8.0,6,2025-03-02,3.0,False
2025-04-08,P003,DEL_WH,27,4,6.75,6,2025-03-19,3.0,False
2025-04-08,P004,BLR_WH,29,1,29.0,6,2025-03-05,3.0,False
2025-04-08,P004,BOM_WH,67,1,67.0,6,2025-03-25,3.0,False
2025-04-08,P004,DEL_WH,39,1,39.0,6,2025-03-04,3.0,False
2025-04-08,P005,BLR_WH,166,1,166.0,6,2025-03-17,2.0,False
2025-04-08,P005,BOM_WH,137,1,137.0,6,2025-03-03,2.0,False
2025-04-08,P005,DEL_WH,177,1,177.0,6,2025-03-31,2.0,False
2025-04-08,P006,BLR_WH,344,3,114.66666666666667,6,2025-03-11,2.0,False
2025-04-08,P006,BOM_WH,78,3,26.0,6,2025-03-14,2.0,False
2025-04-08,P006,DEL_WH,31,3,10.333333333333334,6,2025-03-19,2.0,False
2025-04-08,P007,BLR_WH,42,7,6.0,6,2025-03-23,4.0,False
2025-04-08,P007,BOM_WH,47,7,6.714285714285714,6,2025-03-14,4.0,False
2025-04-08,P007,DEL_WH,38,7,5.428571428571429,6,2025-03-15,4.0,False
2025-04-08,P008,BLR_WH,22,8,2.75,6,2025-03-07,4.0,False
2025-04-08,P008,BOM_WH,26,8,3.25,6,2025-03-08,4.0,False
2025-04-08,P008,DEL_WH,80,8,10.0,6,2025-03-07,4.0,False
2025-04-09,P001,BLR_WH,48,2,24.0,6,2025-03-06,5.0,False
2025-04-09,P001,BOM_WH,38,2,19.0,6,2025-03-17,5.0,False
2025-04-09,P001,DEL_WH,35,2,17.5,6,2025-04-04,5.0,False
2025-04-09,P002,BLR_WH,44,7,6.285714285714286,6,2025-03-15,6.0,False
2025-04-09,P002,BOM_WH,51,7,7.285714285714286,6,2025-03-21,6.0,False
2025-04-09,P002,DEL_WH,11,7,1.5714285714285714,6,2025-04-02,6.0,False
2025-04-09,P003,BLR_WH,16,5,3.2,6,2025-03-13,3.0,False
2025-04-09,P003,BOM_WH,22,5,4.4,6,2025-03-02,3.0,False
2025-04-09,P003,DEL_WH,80,5,16.0,6,2025-03-19,3.0,False
2025-04-09,P004,BLR_WH,61,2,30.5,6,2025-03-05,3.0,False
2025-04-09,P004,BOM_WH,46,2,23.0,6,2025-03-25,3.0,False
2025-04-09,P004,DEL_WH,4,2,2.0,6,2025-03-04,3.0,False
2025-04-09,P005,BLR_WH,302,5,60.4,6,2025-03-17,2.0,False
2025-04-09,P005,BOM_WH,119,5,23.8,6,2025-03-03,2.0,False
2025-04-09,P005,DEL_WH,27,5,5.4,6,2025-03-31,2.0,False
2025-04-09,P006,BLR_WH,144,2,72.0,6,2025-03-11,2.0,False
2025-04-09,P006,BOM_WH,213,2,106.5,6,2025-03-14,2.0,False
2025-04-09,P006,DEL_WH,101,2,50.5,6,2025-03-19,2.0,False
2025-04-09,P007,BLR_WH,21,3,7.0,6,2025-03-23,4.0,False
2025-04-09,P007,BOM_WH,36,3,12.0,6,2025-03-14,4.0,False
2025-04-09,P007,DEL_WH,57,3,19.0,6,2025-03-15,4.0,False
2025-04-09,P008,BLR_WH,66,0,66.0,6,2025-03-07,4.0,False
2025-04-09,P008,BOM_WH,37,0,37.0,6,2025-03-08,4.0,False
2025-04-09,P008,DEL_WH,16,0,16.0,6,2025-03-07,4.0,False
2025-04-10,P001,BLR_WH,63,5,12.6,6,2025-03-06,5.0,False
2025-04-10,P001,BOM_WH,7,5,1.4,6,2025-03-17,5.0,False
2025-04-10,P001,DEL_WH,35,5,7.0,6,2025-04-04,5.0,False
2025-04-10,P002,BLR_WH,57,4,14.25,6,2025-03-15,6.0,False
2025-04-10,P002,BOM_WH,38,4,9.5,6,2025-03-21,6.0,False
2025-04-10,P002,DEL_WH,16,4,4.0,6,2025-04-02,6.0,False
2025-04-10,P003,BLR_WH,15,4,3.75,6,2025-03-13,3.0,False
2025-04-10,P003,BOM_WH,38,4,9.5,6,2025-03-02,3.0,False
2025-04-10,P003,DEL_WH,68,4,17.0,6,2025-03-19,3.0,False
2025-04-10,P004,BLR_WH,17,2,8.5,6,2025-03-05,3.0,False
2025-04-10,P004,BOM_WH,52,2,26.0,6,2025-03-25,3.0,False
2025-04-10,P004,DEL_WH,47,2,23.5,6,2025-03-04,3.0,False
2025-04-10,P005,BLR_WH,283,5,56.6,6,2025-03-17,2.0,False
2025-04-10,P005,BOM_WH,62,5,12.4,6,2025-03-03,2.0,False
2025-04-10,P005,DEL_WH,127,5,25.4,6,2025-03-31,2.0,False
2025-04-10,P006,BLR_WH,186,5,37.2,6,2025-03-11,2.0,False
2025-04-10,P006,BOM_WH,238,5,47.6,6,2025-03-14,2.0,False
2025-04-10,P006,DEL_WH,34,5,6.8,6,2025-03-19,2.0,False
2025-04-10,P007,BLR_WH,22,5,4.4,6,2025-03-23,4.0,False
2025-04-10,P007,BOM_WH,64,5,12.8,6,2025-03-14,4.0,False
2025-04-10,P007,DEL_WH,10,5,2.0,6,2025-03-15,4.0,False
2025-04-10,P008,BLR_WH,37,5,7.4,6,2025-03-07,4.0,False
2025-04-10,P008,BOM_WH,34,5,6.8,6,2025-03-08,4.0,False
2025-04-10,P008,DEL_WH,43,5,8.6,6,2025-03-07,4.0,False
2025-04-11,P001,BLR_WH,39,8,4.875,6,2025-03-06,5.0,False
2025-04-11,P001,BOM_WH,57,8,7.125,6,2025-03-17,5.0,False
2025-04-11,P001,DEL_WH,23,8,2.875,6,2025-04-04,5.0,False
2025-04-11,P002,BLR_WH,27,3,9.0,6,2025-03-15,6.0,False
2025-04-11,P002,BOM_WH,32,3,10.666666666666666,6,2025-03-21,6.0,False
2025-04-11,P002,DEL_WH,65,3,21.666666666666668,6,2025-04-02,6.0,False
2025-04-11,P003,BLR_WH,52,3,17.333333333333332,6,2025-03-13,3.0,False
2025-04-11,P003,BOM_WH,7,3,2.3333333333333335,6,2025-03-02,3.0,False
2025-04-11,P003,DEL_WH,58,3,19.333333333333332,6,2025-03-19,3.0,False
2025-04-11,P004,BLR_WH,97,4,24.25,6,2025-03-05,3.0,False
2025-04-11,P004,BOM_WH,22,4,5.5,6,2025-03-25,3.0,False
2025-04-11,P004,DEL_WH,6,4,1.5,6,2025-03-04,3.0,False
2025-04-11,P005,BLR_WH,57,6,9.5,6,2025-03-17,2.0,False
2025-04-11,P005,BOM_WH,206,6,34.333333333333336,6,2025-03-03,2.0,False
2025-04-11,P005,DEL_WH,229,6,38.166666666666664,6,2025-03-31,2.0,False
2025-04-11,P006,BLR_WH,118,2,59.0,6,2025-03-11,2.0,False
2025-04-11,P006,BOM_WH,303,2,151.5,6,2025-03-14,2.0,False
2025-04-11,P006,DEL_WH,50,2,25.0,6,2025-03-19,2.0,False
2025-04-11,P007,BLR_WH,36,5,7.2,6,2025-03-23,4.0,False
2025-04-11,P007,BOM_WH,4,5,0.8,6,2025-03-14,4.0,False
2025-04-11,P007,DEL_WH,74,5,14.8,6,2025-03-15,4.0,False
2025-04-11,P008,BLR_WH,25,4,6.25,6,2025-03-07,4.0,False
2025-04-11,P008,BOM_WH,89,4,22.25,6,2025-03-08,4.0,False
2025-04-11,P008,DEL_WH,15,4,3.75,6,2025-03-07,4.0,False
2025-04-12,P001,BLR_WH,49,6,8.166666666666666,6,2025-03-06,5.0,False
2025-04-12,P001,BOM_WH,25,6,4.166666666666667,6,2025-03-17,5.0,False
2025-04-12,P001,DEL_WH,37,6,6.166666666666667,6,2025-04-04,5.0,False
2025-04-12,P002,BLR_WH,38,8,4.75,6,2025-03-15,6.0,False
2025-04-12,P002,BOM_WH,37,8,4.625,6,2025-03-21,6.0,False
2025-04-12,P002,DEL_WH,32,8,4.0,6,2025-04-02,6.0,False
2025-04-12,P003,BLR_WH,62,3,20.666666666666668,6,2025-03-13,3.0,False
2025-04-12,P003,BOM_WH,13,3,4.333333333333333,6,2025-03-02,3.0,False
2025-04-12,P003,DEL_WH,41,3,13.666666666666666,6,2025-03-19,3.0,False
2025-04-12,P004,BLR_WH,53,4,13.25,6,2025-03-05,3.0,False
2025-04-12,P004,BOM_WH,64,4,16.0,6,2025-03-25,3.0,False
2025-04-12,P004,DEL_WH,13,4,3.25,6,2025-03-04,3.0,False
2025-04-12,P005,BLR_WH,187,1,187.0,6,2025-03-17,2.0,False
2025-04-12,P005,BOM_WH,152,1,152.0,6,2025-03-03,2.0,False
2025-04-12,P005,DEL_WH,139,1,139.0,6,2025-03-31,2.0,False
2025-04-12,P006,BLR_WH,48,1,48.0,6,2025-03-11,2.0,False
2025-04-12,P006,BOM_WH,143,1,143.0,6,2025-03-14,2.0,False
2025-04-12,P006,DEL_WH,286,1,286.0,6,2025-03-19,2.0,False
2025-04-12,P007,BLR_WH,40,3,13.333333333333334,6,2025-03-23,4.0,False
2025-04-12,P007,BOM_WH,17,3,5.666666666666667,6,2025-03-14,4.0,False
2025-04-12,P007,DEL_WH,66,3,22.0,6,2025-03-15,4.0,False
2025-04-12,P008,BLR_WH,39,4,9.75,6,2025-03-07,4.0,False
2025-04-12,P008,BOM_WH,51,4,12.75,6,2025-03-08,4.0,False
2025-04-12,P008,DEL_WH,8,4,2.0,6,2025-03-07,4.0,False
2025-04-13,P001,BLR_WH,66,4,16.5,6,2025-03-06,5.0,False
2025-04-13,P001,BOM_WH,0,4,0.0,6,2025-03-17,5.0,False
2025-04-13,P001,DEL_WH,60,4,15.0,6,2025-04-04,5.0,False
2025-04-13,P002,BLR_WH,33,4,8.25,6,2025-03-15,6.0,False
2025-04-13,P002,BOM_WH,59,4,14.75,6,2025-03-21,6.0,False
2025-04-13,P002,DEL_WH,21,4,5.25,6,2025-04-02,6.0,False
2025-04-13,P003,BLR_WH,24,2,12.0,6,2025-03-13,3.0,False
2025-04-13,P003,BOM_WH,49,2,24.5,6,2025-03-02,3.0,False
2025-04-13,P003,DEL_WH,29,2,14.5,6,2025-03-19,3.0,False
2025-04-13,P004,BLR_WH,20,6,3.3333333333333335,6,2025-03-05,3.0,False
2025-04-13,P004,BOM_WH,64,6,10.666666666666666,6,2025-03-25,3.0,False
2025-04-13,P004,DEL_WH,39,6,6.5,6,2025-03-04,3.0,False
2025-04-13,P005,BLR_WH,127,0,127.0,6,2025-03-17,2.0,False
2025-04-13,P005,BOM_WH,182,0,182.0,6,2025-03-03,2.0,False
2025-04-13,P005,DEL_WH,152,0,152.0,6,2025-03-31,2.0,False
2025-04-13,P006,BLR_WH,156,3,52.0,6,2025-03-11,2.0,False
2025-04-13,P006,BOM_WH,239,3,79.66666666666667,6,2025-03-14,2.0,False
2025-04-13,P006,DEL_WH,52,3,17.333333333333332,6,2025-03-19,2.0,False
2025-04-13,P007,BLR_WH,30,4,7.5,6,2025-03-23,4.0,False
2025-04-13,P007,BOM_WH,18,4,4.5,6,2025-03-14,4.0,False
2025-04-13,P007,DEL_WH,64,4,16.0,6,2025-03-15,4.0,False
2025-04-13,P008,BLR_WH,23,5,4.6,6,2025-03-07,4.0,False
2025-04-13,P008,BOM_WH,19,5,3.8,6,2025-03-08,4.0,False
2025-04-13,P008,DEL_WH,52,5,10.4,6,2025-03-07,4.0,False
2025-04-14,P001,BLR_WH,90,2,45.0,6,2025-03-06,5.0,False
2025-04-14,P001,BOM_WH,32,2,16.0,6,2025-03-17,5.0,False
2025-04-14,P001,DEL_WH,16,2,8.0,6,2025-04-04,5.0,False
2025-04-14,P002,BLR_WH,17,2,8.5,6,2025-03-15,6.0,False
2025-04-14,P002,BOM_WH,54,2,27.0,6,2025-03-21,6.0,False
2025-04-14,P002,DEL_WH,36,2,18.0,6,2025-04-02,6.0,False
2025-04-14,P003,BLR_WH,81,4,20.25,6,2025-03-13,3.0,False
2025-04-14,P003,BOM_WH,45,4,11.25,6,2025-03-02,3.0,False
2025-04-14,P003,DEL_WH,26,4,6.5,6,2025-03-19,3.0,False
2025-04-14,P004,BLR_WH,46,4,11.5,6,2025-03-05,3.0,False
2025-04-14,P004,BOM_WH,33,4,8.25,6,2025-03-25,3.0,False
2025-04-14,P004,DEL_WH,50,4,12.5,6,2025-03-04,3.0,False
2025-04-14,P005,BLR_WH,95,5,19.0,6,2025-03-17,2.0,False
2025-04-14,P005,BOM_WH,146,5,29.2,6,2025-03-03,2.0,False
2025-04-14,P005,DEL_WH,242,5,48.4,6,2025-03-31,2.0,False
2025-04-14,P006,BLR_WH,142,2,71.0,6,2025-03-11,2.0,False
2025-04-14,P006,BOM_WH,168,2,84.0,6,2025-03-14,2.0,False
2025-04-14,P006,DEL_WH,171,2,85.5,6,2025-03-19,2.0,False
2025-04-14,P007,BLR_WH,13,3,4.333333333333333,6,2025-03-23,4.0,False
2025-04-14,P007,BOM_WH,17,3,5.666666666666667,6,2025-03-14,4.0,False
2025-04-14,P007,DEL_WH,82,3,27.333333333333332,6,2025-03-15,4.0,False
2025-04-14,P008,BLR_WH,27,3,9.0,6,2025-03-07,4.0,False
2025-04-14,P008,BOM_WH,61,3,20.333333333333332,6,2025-03-08,4.0,False
2025-04-14,P008,DEL_WH,31,3,10.333333333333334,6,2025-03-07,4.0,False
2025-04-15,P001,BLR_WH,29,3,9.666666666666666,6,2025-03-06,5.0,False
2025-04-15,P001,BOM_WH,67,3,22.333333333333332,6,2025-03-17,5.0,False
2025-04-15,P001,DEL_WH,23,3,7.666666666666667,6,2025-04-04,5.0,False
2025-04-15,P002,BLR_WH,51,2,25.5,6,2025-03-15,6.0,False
2025-04-15,P002,BOM_WH,7,2,3.5,6,2025-03-21,6.0,False
2025-04-15,P002,DEL_WH,55,2,27.5,6,2025-04-02,6.0,False
2025-04-15,P003,BLR_WH,43,3,14.333333333333334,6,2025-03-13,3.0,False
2025-04-15,P003,BOM_WH,36,3,12.0,6,2025-03-02,3.0,False
2025-04-15,P003,DEL_WH,44,3,14.666666666666666,6,2025-03-19,3.0,False
2025-04-15,P004,BLR_WH,64,6,10.666666666666666,6,2025-03-05,3.0,False
2025-04-15,P004,BOM_WH,21,6,3.5,6,2025-03-25,3.0,False
2025-04-15,P004,DEL_WH,23,6,3.8333333333333335,6,2025-03-04,3.0,False
2025-04-15,P005,BLR_WH,47,7,6.714285714285714,6,2025-03-17,2.0,False
2025-04-15,P005,BOM_WH,108,7,15.428571428571429,6,2025-03-03,2.0,False
2025-04-15,P005,DEL_WH,310,7,44.285714285714285,6,2025-03-31,2.0,False
2025-04-15,P006,BLR_WH,187,5,37.4,6,2025-03-11,2.0,False
2025-04-15,P006,BOM_WH,45,5,9.0,6,2025-03-14,2.0,False
2025-04-15,P006,DEL_WH,230,5,46.0,6,2025-03-19,2.0,False
2025-04-15,P007,BLR_WH,29,5,5.8,6,2025-03-23,4.0,False
2025-04-15,P007,BOM_WH,51,5,10.2,6,2025-03-14,4.0,False
2025-04-15,P007,DEL_WH,27,5,5.4,6,2025-03-15,4.0,False
2025-04-15,P008,BLR_WH,10,4,2.5,6,2025-03-07,4.0,False
2025-04-15,P008,BOM_WH,71,4,17.75,6,2025-03-08,4.0,False
2025-04-15,P008,DEL_WH,20,4,5.0,6,2025-03-07,4.0,False
